drug_name,section_name,gpt4_output
KYPROLIS,adverse reactions,"Cardiac Toxicities, Acute Renal Failure, Tumor Lysis Syndrome, Pulmonary Toxicity, Pulmonary Hypertension, Dyspnea, Hypertension, Venous Thrombosis, Infusion Reactions, Thrombocytopenia, Hepatic Toxicity, Hepatic Failure, Thrombotic Thrombocytopenic Purpura/Hemolytic Uremic Syndrome, Posterior Reversible Encephalopathy Syndrome, Anemia, Fatigue, Nausea, Pyrexia, Decreased Platelets, Diarrhea, Decreased Lymphocyte, Headache, Decreased Hemoglobin, Cough, Edema Peripheral, Decreased Lymphocytes, Decreased Absolute Neutrophil Count, Decreased Phosphorus, Neutropenia, Decreased Total White Blood Cell Count, Muscle Spasm, Upper Respiratory Tract Infection, Hypokalemia, Pneumonia, Respiratory Tract Infection, Pulmonary Embolism, Febrile Neutropenia, Lymphopenia, Cardiac Arrest, Cardiac Failure, Cardiac Failure Congestive, Myocardial Infarction, Myocardial Ischemia, Cataract, Vision Blurred, Abdominal Pain, Abdominal Pain Upper, Dyspepsia, Toothache, Chills, Infusion Site Reaction, Multi-Organ Failure, Pain, Influenza, Sepsis, Urinary Tract Infection, Viral Infection, Dehydration, Hyperkalemia, Hyperuricemia, Hypoalbuminemia, Hyponatremia, Tumor Lysis Syndrome, Muscular Weakness, Myalgia, Hypoesthesia, Paresthesia, Deafness, Anxiety, Delirium, Renal Failure, Renal Failure Acute, Renal Impairment, Dysphonia, Epistaxis, Oropharyngeal Pain, Pulmonary Edema, Erythema, Hyperhidrosis, Pruritus, Deep Vein Thrombosis, Hypotension, Cardiac Disorders, Embolic and Thrombotic Events, Venous, Hypertension, Blood and Lymphatic System Disorders, Gastrointestinal Disorders, General Disorders and Administration Site Conditions, Infections and Infestations, Metabolism and Nutrition Disorders, Musculoskeletal and Connective Tissue Disorders, Nervous System Disorders, Psychiatric Disorders, Respiratory, Thoracic, and Mediastinal Disorders, Skin and Subcutaneous Tissue Disorders, Vascular Disorders."
KYPROLIS,warnings and precautions,"Cardiac toxicities, cardiac failure, myocardial infarction, myocardial ischemia, Acute Renal Failure, Tumor Lysis Syndrome (TLS), Pulmonary Toxicity, Acute Respiratory Distress Syndrome, acute respiratory failure, acute diffuse infiltrative pulmonary disease, Pulmonary Hypertension, Dyspnea, Hypertension, hypertensive crisis, Venous Thrombosis, Infusion Reactions, Thrombocytopenia, Hepatic Toxicity, Hepatic Failure, Thrombotic thrombocytopenic purpura/hemolytic uremic syndrome (TTP/HUS), Posterior reversible encephalopathy syndrome (PRES), Embryo-fetal Toxicity."
MULTAQ,adverse reactions,"New or worsening heart failure, Liver Injury, Pulmonary toxicity, Hypokalemia, Hypomagnesemia, QT prolongation, Diarrhea, Nausea, Abdominal pain, Vomiting, Asthenia, Gastrointestinal disorders, Bradycardia, Dyspeptic signs and symptoms, Asthenic conditions, Skin and subcutaneous tissue reactions, Photosensitivity reaction, Dysgeusia, Increased creatinine, Dronedarone 400 mg twice daily, Atrial flutter with 1:1 atrioventricular conduction, Interstitial lung disease, Pneumonitis, Pulmonary fibrosis, Anaphylactic reactions, Angioedema, Vasculitis, Leukocytoclastic vasculitis."
MULTAQ,boxed warnings,"Increased risk of death, Stroke, Heart failure, Symptomatic heart failure, Decompensation requiring hospitalization, NYHA Class IV heart failure, Permanent atrial fibrillation, Hospitalization for heart failure."
MULTAQ,warnings and precautions,"Cardiac rhythm, Liver injury, Pulmonary toxicity, Hypokalemia, Hypomagnesemia, Renal Impairment, Teratogen, Cardiovascular Death, Decompensated Heart Failure, Stroke, New Onset or Worsening Heart Failure, Hepatocellular liver injury, Acute liver failure, Anorexia, Nausea, Vomiting, Fever, Malaise, Fatigue, Right upper quadrant pain, Jaundice, Dark urine, Itching, Interstitial lung disease, Pneumonitis, Pulmonary fibrosis, Dyspnea, Non-productive cough, QT Interval Prolongation, Renal Impairment and Failure, Serum creatinine, Pre-renal azotemia, Acute renal failure"
JUBLIA,adverse reactions,"Ingrown toenails, Application site dermatitis, Application site vesicles, Application site pain"
TEFLARO,adverse reactions,"Hypersensitivity Reactions, Clostridium difficile -Associated diarrhea, Direct Coombs' Test Seroconversion, Diarrhea, Nausea, Rash, Constipation, Vomiting, Increased transaminases, Hypokalemia, Phlebitis, Anemia, Eosinophilia, Neutropenia, Thrombocytopenia, Bradycardia, Palpitations, Abdominal pain, Pyrexia, Hepatitis, Hypersensitivity, Anaphylaxis, Clostridium difficile colitis, Hyperglycemia, Hyperkalemia, Dizziness, Convulsion, Renal failure, Urticaria, Agranulocytosis."
TEFLARO,warnings and precautions,"Serious hypersensitivity (anaphylactic) reactions, Clostridium difficile -associated diarrhea (CDAD), Direct Coombs' test seroconversion, anemia, drug-induced hemolytic anemia, serious skin reactions, fatal colitis, morbidity, mortality, development of drug-resistant bacteria"
DATSCAN,adverse reactions,"Hypersensitivity, injection site reactions, headache, nausea, vertigo, dry mouth, dizziness, rash, pruritis, injection site pain"
DATSCAN,warnings and precautions,"Hypersensitivity reactions, skin erythema, pruritis, anaphylactic reaction, thyroid accumulation, thyroid neoplasia"
TIVICAY,adverse reactions,
TIVICAY,warnings and precautions,"Hypersensitivity reactions, rash, constitutional findings, organ dysfunction, liver injury, transaminase elevations, Redistribution/accumulation of body fat, immune reconstitution syndrome, severe rash, fever, general malaise, fatigue, muscle or joint aches, blisters, peeling of the skin, oral blisters, lesions, conjunctivitis, facial edema, hepatitis, eosinophilia, angioedema, difficulty breathing, central obesity, dorsocervical fat enlargement (buffalo hump), peripheral wasting, facial wasting, breast enlargement, ""cushingoid appearance"", inflammatory response, Mycobacterium avium  infection, cytomegalovirus, Pneumocystis jirovecii  pneumonia, tuberculosis, Autoimmune disorders, Graves' disease, polymyositis, Guillain-Barre syndrome."
TAFINLAR,adverse reactions,
TAFINLAR,warnings and precautions,"Retinal vein occlusion, Interstitial lung disease, New primary malignancies, Increased cell proliferation, Hemorrhage, Venous Thromboembolism, Cardiomyopathy, Ocular Toxicities, Serious Febrile Reactions, Serious Skin Toxicity, Hyperglycemia, Glucose-6-Phosphate Dehydrogenase Deficiency, Embryofetal Toxicity"
HORIZANT,adverse reactions,
HORIZANT,warnings and precautions,
IMBRUVICA,adverse reactions,
IMBRUVICA,warnings and precautions,"Hemorrhage, Infections, Cytopenias, Atrial Fibrillation, Second Primary Malignancies, Tumor Lysis Syndrome, Embryo-Fetal Toxicity"
ULORIC,adverse reactions,
ULORIC,warnings and precautions,"Gout Flare, Cardiovascular Events, Cardiovascular thromboembolic events, MI, stroke, Hepatic Effects, hepatic failure, liver injury, transaminase elevations, fatigue, anorexia, right upper abdominal discomfort, dark urine, jaundice, abnormal liver tests, serum ALT greater than three times the reference range, serum total bilirubin greater than two times the reference range, severe drug-induced liver injury"
CIMZIA,adverse reactions,
CIMZIA,boxed warnings,"Serious infections, Malignancy, Active tuberculosis, Reactivation of latent tuberculosis, Invasive fungal infections, Histoplasmosis, Coccidioidomycosis, Candidiasis, Aspergillosis, Blastomycosis, Pneumocystosis, Bacterial infections, Viral infections, Infections due to opportunistic pathogens, Legionella infection, Listeria infection, Sepsis, Lymphoma"
CIMZIA,warnings and precautions,
KALYDECO,adverse reactions,"Transaminase Elevations, headache, oropharyngeal pain, upper respiratory tract infection, nasal congestion, abdominal pain, nasopharyngitis, diarrhea, rash, nausea, dizziness, increased hepatic enzymes, hypoglycemia, rhinitis, arthralgia, bacteria in sputum, aspartate aminotransferase increased, musculoskeletal chest pain, myalgia, sinus headache, pharyngeal erythema, pleuritic pain, sinus congestion, wheezing, acne"
KALYDECO,warnings and precautions,"Elevated transaminases (ALT or AST), Use with CYP3A inducers, Cataracts, Non-congenital lens opacities"
FULYZAQ,adverse reactions,"Upper respiratory tract infection, Bronchitis, Cough, Flatulence, Increased bilirubin, Nausea, Back pain, Arthralgia, Urinary tract infection, Nasopharyngitis, Musculoskeletal pain, Hemorrhoids, Giardiasis, Anxiety, Increased alanine aminotransferase, Abdominal distension, Abdominal pain, Acne, Increased aspartate aminotransferase, Increased conjugated bilirubin, Increased unconjugated blood bilirubin, Constipation, Depression, Dermatitis, Dizziness, Dry mouth, Dyspepsia, Gastroenteritis, Herpes zoster, Nephrolithiasis, Pain in extremity, Pollakiuria, Procedural pain, Seasonal allergy, Sinusitis, Decreased white blood cell count."
FULYZAQ,warnings and precautions,"Infectious diarrhea, disease may worsen"
QUTENZA,adverse reactions,
QUTENZA,warnings and precautions,"Irritation of eyes or airway, coughing, sneezing, transient increases in blood pressure, substantial procedural pain, increases in blood pressure, treatment related increases in pain, adverse cardiovascular effects"
GRANIX,adverse reactions,"Splenic Rupture, Acute Respiratory Distress Syndrome, Serious Allergic Reactions, Capillary Leak Syndrome, Potential for Tumor Growth Stimulatory Effects on Malignant Cells, Bone pain, Leukocytosis, Myalgia, Headache, Vomiting, Sweet's syndrome, Cutaneous vasculitis, Thrombocytopenia"
GRANIX,warnings and precautions,"Splenic Rupture, Acute Respiratory Distress Syndrome (ARDS), Allergic reactions, Sickle cell crisis, Capillary Leak Syndrome, anaphylaxis, serious allergic reactions, Tumor Growth Stimulatory Effects on Malignant Cells, myeloid malignancies, myelodysplasia"
COARTEM,adverse reactions,
COARTEM,warnings and precautions,
APTIOM,adverse reactions,"Suicidal Behavior and Ideation, Serious Dermatologic Reactions, Drug Reaction with Eosinophilia and Systemic Symptoms (DRESS)/Multiorgan Hypersensitivity, Anaphylactic Reactions and Angioedema, Hyponatremia, Neurological Adverse Reactions, Drug Induced Liver Injury, Abnormal Thyroid Function Tests, dizziness, somnolence, nausea, headache, diplopia, vomiting, fatigue, vertigo, ataxia, blurred vision, tremor, rash, dysarthria, asthenia, Vertigo, Visual impairment, Diarrhea, Constipation, Abdominal pain, Gastritis, Gait disturbance, Peripheral edema, Urinary tract infections, Fall, Balance disorder, Memory impairment, Nystagmus, Depression, Insomnia, Cough, Hypertension, decreases in hemoglobin and hematocrit, increases in total cholesterol, triglycerides, and LDL, and increases in creatine phosphokinase."
APTIOM,warnings and precautions,
PROLIA,adverse reactions,
PROLIA,warnings and precautions,"Hypersensitivity, anaphylactic reactions, Hypocalcemia, Osteonecrosis of the jaw, Atypical femoral fractures, Serious infections including skin infections, Dermatologic reactions: Dermatitis, rashes, eczema, Severe Bone, Joint, Muscle Pain, Suppression of bone turnover, hypotension, dyspnea, throat tightness, facial and upper airway edema, pruritus, urticaria, disturbances of mineral metabolism, hypoparathyroidism, thyroid surgery, parathyroid surgery, malabsorption syndromes, excision of small intestine, severe renal impairment, creatinine clearance, receiving dialysis, marked elevations of serum parathyroid hormone (PTH), tooth extraction, local infection with delayed healing, invasive dental procedures, dental implants, oral surgery, poor oral hygiene, periodontal and/or other pre-existing dental disease, anemia, coagulopathy, infection, ill-fitting dentures, extensive dental surgery, Atypical low-energy or low trauma fractures of the shaft, prodromal pain, glucocorticoids treatment, thigh, hip, or groin pain, incomplete femur fracture, Serious skin infections, infections of the abdomen, urinary tract, and ear, Endocarditis, opportunistic infections, severe and occasionally incapacitating bone, joint, and/or muscle pain, significant suppression of bone remodeling, adverse outcomes."
BLINCYTO,adverse reactions,"Cytokine Release Syndrome, Neurological Toxicities, Infections, Tumor Lysis Syndrome, Neutropenia, Febrile Neutropenia, Effects on Ability to Drive and Use Machines, Elevated Liver Enzymes, Leukoencephalopathy, Preparation and Administration Errors, Pyrexia, Headache, Peripheral Edema, Nausea, Hypokalemia, Tremor, Rash, Constipation, Pneumonia, Sepsis, Device-Related Infection, Encephalopathy, Infection, Overdose, Confusion, Staphylococcal Bacteremia, Anemia, Thrombocytopenia, Leukopenia, Diarrhea, Abdominal Pain, Vomiting, Fatigue, Chills, Chest Pain, Immune System Disorders, Bacterial Infections, Fungal Infections, Viral Infections, Increased Alanine Aminotransferase, Increased Aspartate Aminotransferase, Increased Weight, Hypomagnesemia, Hyperglycemia, Decreased Appetite, Hypophosphatemia, Back Pain, Pain in Extremity, Bone Pain, Arthralgia, Dizziness, Insomnia, Cough, Dyspnea, Hypotension, Hypertension, Leukocytosis, Lymphopenia, Tachycardia, Edema, Cytokine Storm, Decreased Immunoglobulins, Increased Blood Bilirubin, Increased Gamma-Glutamyl-Transferase, Tumor Lysis Syndrome, Hypoalbuminemia, Paresthesia, Aphasia, Convulsion, Memory Impairment, Cognitive Disorder, Speech Disorder, Disorientation, Capillary Leak Syndrome, Hypersensitivity, Bronchospasm."
BLINCYTO,boxed warnings,"Cytokine Release Syndrome, Neurological toxicities"
BLINCYTO,warnings and precautions,"Cytokine Release Syndrome, pyrexia, headache, nausea, asthenia, hypotension, increased alanine aminotransferase, increased aspartate aminotransferase, increased total bilirubin, disseminated intravascular coagulation, capillary leak syndrome, hemophagocytic lymphohistiocytosis/macrophage activation syndrome, encephalopathy, convulsions, speech disorders, disturbances in consciousness, confusion and disorientation, coordination and balance disorders, infections, sepsis, pneumonia, bacteremia, opportunistic infections, catheter-site infections, Tumor Lysis Syndrome, Neutropenia, febrile neutropenia, loss of consciousness, Elevated Liver Enzymes, leukoencephalopathy."
STENDRA,adverse reactions,
STENDRA,warnings and precautions,
XIAFLEX,adverse reactions,
XIAFLEX,boxed warnings,"Corporal rupture, Penile fracture, Serious penile injury, Penile ecchymoses, Hematoma, Sudden penile detumescence, Penile ""popping"" sound or sensation, Severe penile hematoma"
XIAFLEX,warnings and precautions,"Tendon rupture, serious injury to the injected finger/hand, corporal rupture (penile fracture), other serious injury to the penis, hypersensitivity reactions, anaphylaxis, abnormal coagulation, ligament damage, skin laceration, pulley rupture, ligament injury, complex regional pain syndrome (CRPS), sensory abnormality of the hand, penile ecchymoses, penile hematoma, sudden penile detumescence, penile ""popping"" sound or sensation, severe penile hematoma, mild allergic reactions (pruritus), severe allergic reactions, ecchymosis/contusion, injection site hemorrhage."
XEOMIN,adverse reactions,
XEOMIN,boxed warnings,"asthenia, generalized muscle weakness, diplopia, blurred vision, ptosis, dysphagia, dysphonia, dysarthria, urinary incontinence, breathing difficulties, swallowing difficulties, death"
XEOMIN,warnings and precautions,"Respiratory difficulties, speech difficulties, swallowing difficulties, dysphagia, corneal exposure, corneal ulceration, diplopia, ptosis, asthenia, generalized muscle weakness, blurred vision, dysphonia, dysarthria, urinary incontinence, breathing difficulties, hypersensitivity reactions, anaphylaxis, serum sickness, urticaria, soft tissue edema, dyspnea, severe dysphagia, aspiration, respiratory failure, peripheral motor neuropathic diseases, amyotrophic lateral sclerosis, neuromuscular junctional disorders, myasthenia gravis, Lambert-Eaton syndrome, VII nerve disorders, narrow angle glaucoma, ectropion, ecchymosis, Creutzfeldt-Jakob disease."
GILOTRIF,adverse reactions,
GILOTRIF,warnings and precautions,"Diarrhea, dehydration, renal failure, Bullous and Exfoliative Skin Disorders, severe bullous, blistering, exfoliating lesions, Interstitial lung disease (ILD), acute onset or worsening of pulmonary symptoms, Hepatic toxicity, fatal hepatic impairment, Keratitis, ulcerative keratitis, Embryofetal toxicity, fetal harm, renal impairment, cutaneous reactions, rash, erythema, acneiform rash, palmar-plantar erythrodysesthesia syndrome, life-threatening bullous, blistering, or exfoliating lesions, lung infiltration, pneumonitis, acute respiratory distress syndrome, alveolitis allergic, liver test abnormalities, worsening of liver function, severe hepatic impairment, acute or worsening eye inflammation, lacrimation, light sensitivity, blurred vision, eye pain, red eye, embryotoxic, abortions at late gestational stages."
TREANDA,adverse reactions,
TREANDA,warnings and precautions,"Myelosuppression, Infections, Anaphylaxis, Infusion Reactions, Tumor Lysis Syndrome, Skin Reactions, Other Malignancies, Extravasation, Embryo-fetal toxicity"
CHOLINE,adverse reactions,mild injection site reaction
CHOLINE,warnings and precautions,"Imaging errors, Allergic reactions, Radiation risk, poor performance of 11 C-choline PET imaging, false positive 11 C-choline PET images, Tissue inflammation, prostatic hyperplasia, interference with 11 C-choline PET imaging, anaphylaxis, increased risk for cancer, long-term cumulative radiation exposure"
ERWINAZE,adverse reactions,
ERWINAZE,warnings and precautions,"Serious hypersensitivity reactions, anaphylaxis, severe or hemorrhagic pancreatitis, glucose intolerance, hyperglycemia, thrombosis, hemorrhage, sagittal sinus thrombosis, pulmonary embolism, decreased fibrinogen, decreased protein C activity, decreased protein S activity, decreased anti-thrombin III."
TRULICITY,adverse reactions,
TRULICITY,boxed warnings,"Thyroid C-cell tumors, adenomas, carcinomas, medullary thyroid carcinoma (MTC), Multiple Endocrine Neoplasia syndrome type 2 (MEN 2), mass in the neck, dysphagia, dyspnea, persistent hoarseness"
TRULICITY,warnings and precautions,"Thyroid C-cell Tumors, Pancreatitis, Hypoglycemia, Hypersensitivity Reactions, Renal Impairment, Severe Gastrointestinal Disease, Macrovascular Outcomes"
ADREVIEW,adverse reactions,"Serious hypersensitivity reactions, dizziness, rash, pruritus, flushing, headache, injection site hemorrhage, hematoma, bruising"
ADREVIEW,warnings and precautions,
DOTAREM,adverse reactions,"NSF, Hypersensitivity reactions, Acute kidney injury, Nausea, Headache, Injection site pain, Injection site coldness, Burning sensation, Feeling cold, Rash, Somnolence, Fatigue, Dizziness, Vomiting, Pruritus, Paresthesia, Dysgeusia, Pain in extremity, Anxiety, Hypertension, Palpitations, Oropharyngeal discomfort, Serum creatinine increased, Injection site reactions, Site inflammation, Extravasation, Warmth, Bradycardia, Tachycardia, Arrhythmia, Hypersensitivity /anaphylactoid reactions, Cardiac arrest, Respiratory arrest, Cyanosis pharyngeal edema, Laryngospasm, Bronchospasm, Angioedema, Conjunctivitis, Ocular hyperemia, Eyelid edema, Lacrimation increased, Hyperhidrosis, Urticaria, Coma, Convulsion, Syncope, Presyncope, Parosmia, Tremor, Muscle contracture, Muscle weakness, Diarrhea, Salivary hypersecretion, Malaise, Fever, NSF (in context of other GBCAs), Superficial phlebitis"
DOTAREM,boxed warnings,"Nephrogenic Systemic Fibrosis (NSF), Fatal or debilitating fibrosis affecting the skin, muscle and internal organs, Chronic severe kidney disease, Acute kidney injury, Conditions that may reduce renal function, Chronically reduced renal function"
DOTAREM,warnings and precautions,"Nephrogenic Systemic Fibrosis, Hypersensitivity, Anaphylactoid/anaphylactic reactions, cardiovascular manifestations, respiratory manifestations, cutaneous manifestations, acute kidney injury, drug-induced kidney toxicity, NSF, renal impairment, Extravasation, Injection Site Reactions, tissue irritation"
PRADAXA,adverse reactions,
PRADAXA,boxed warnings,"Premature discontinuation, thrombotic events, spinal/epidural hematoma, pathological bleeding, long-term paralysis, permanent paralysis, neurological impairment."
PRADAXA,warnings and precautions,
ELIQUIS,adverse reactions,
ELIQUIS,boxed warnings,"Thrombotic Events, Spinal/Epidural Hematoma, Pathological Bleeding, Long-term or Permanent Paralysis, Neurological Impairment"
ELIQUIS,warnings and precautions,"Serious, potentially fatal bleeding, signs and symptoms of blood loss, Increased Risk of Thrombotic Events, Increased rate of stroke, bleeding, Concomitant use of drugs affecting hemostasis, active pathological hemorrhage, persist for at least 24 hours after the last dose, epidural or spinal hematoma, long-term or permanent paralysis, signs and symptoms of neurological impairment, numbness or weakness of the legs, bowel, or bladder dysfunction, neurological compromise, prosthetic heart valves, Acute PE in Hemodynamically Unstable Patients, thrombolysis, Pulmonary Embolectomy"
ZERBAXA,adverse reactions,
ZERBAXA,warnings and precautions,"Decreased efficacy, Serious hypersensitivity (anaphylactic) reactions, Clostridium difficile -associated diarrhea (CDAD), fatal hypersensitivity (anaphylactic) reactions, mild diarrhea, fatal colitis, Drug-Resistant Bacteria"
FERRIPROX,adverse reactions,
FERRIPROX,boxed warnings,"Agranulocytosis, Neutropenia, Serious infections, Death, Symptoms indicative of infection"
FERRIPROX,warnings and precautions,"Infection, fetal harm, agranulocytosis, neutropenia, death, symptoms indicative of infection, agranulocytosis leading to death, embryofetal death, malformations, increased ALT values, increase in both ALT and AST, decreased plasma zinc concentrations, deficiency"
DALVANCE,adverse reactions,
DALVANCE,warnings and precautions,"Serious hypersensitivity, skin reactions, reactions due to rapid intravenous infusion, ALT elevations, Clostridium difficile -associated diarrhea, anaphylactic reactions, ""Red-Man Syndrome"", flushing of the upper body, urticaria, pruritus, rash, abnormalities in liver tests, mild diarrhea, fatal colitis, increased morbidity and mortality, drug-resistant bacteria"
ARCAPTA,adverse reactions,
ARCAPTA,boxed warnings,"ASTHMA-RELATED DEATH, increase in asthma-related deaths, increased risk of asthma-related death"
ARCAPTA,warnings and precautions,
CERDELGA,adverse reactions,"fatigue, headache, nausea, diarrhea, back pain, pain in extremities, upper abdominal pain, arthralgia, migraine, flatulence, oropharyngeal pain, dizziness, asthenia, cough, dyspepsia, gastroesophageal reflux disease, constipation, palpitations, rash"
CERDELGA,warnings and precautions,"ECG Changes, Cardiac Arrhythmias, pre-existing cardiac disease, long QT syndrome, concomitant use of Class IA and Class III antiarrhythmics, prolongation of the PR, QTc, and/or QRS cardiac intervals, cardiac arrhythmias, increases in ECG intervals, congestive heart failure, recent acute myocardial infarction, bradycardia, heart block, ventricular arrhythmia"
GADAVIST,adverse reactions,
GADAVIST,boxed warnings,"Nephrogenic Systemic Fibrosis, NSF, fatal fibrosis, debilitating fibrosis, severe kidney disease, Acute kidney injury, reduced renal function, chronically reduced renal function"
GADAVIST,warnings and precautions,"Nephrogenic Systemic Fibrosis, Anaphylactic reactions, hypersensitivity reactions, cardiovascular manifestations, respiratory manifestations, cutaneous manifestations, death, acute kidney injury, drug-induced kidney toxicity, fibrosis, Extravasation, moderate irritation, Overestimation of Extent of Malignant Disease"
ZYKADIA,adverse reactions,
ZYKADIA,warnings and precautions,
XALKORI,adverse reactions,
XALKORI,warnings and precautions,"Hepatotoxicity, Interstitial Lung Disease (ILD)/Pneumonitis, QT Interval Prolongation, Bradycardia, Severe Visual Loss, Embryofetal Toxicity"
BEPREVE,adverse reactions,"mild taste following instillation, eye irritation, headache, nasopharyngitis, hypersensitivity reactions, itching, body rash, swelling of lips, tongue and/or throat"
BEPREVE,warnings and precautions,"contamination, contact lens-related irritation, eye is red, benzalkonium chloride absorption by soft contact lenses"
EDARBI,adverse reactions,"Diarrhea, hypotension/orthostatic hypotension, nausea, asthenia, fatigue, muscle spasm, dizziness, dizziness postural, cough, serum creatinine increases, low hemoglobin, low hematocrit, low RBC counts, low and high markedly abnormal platelet and WBC counts, rash, pruritus, angioedema."
EDARBI,boxed warnings,"Fetal toxicity, injury, death"
EDARBI,warnings and precautions,"fetal renal function reduction, fetal morbidity, fetal death, neonatal morbidity, neonatal death, oligohydramnios, fetal lung hypoplasia, skeletal deformations, skull hypoplasia, anuria, hypotension, renal failure, symptomatic hypotension, changes in renal function, oliguria, progressive azotemia, acute renal failure, increases in serum creatinine, increases in blood urea nitrogen"
POTIGA,adverse reactions,
POTIGA,boxed warnings,"Retinal abnormalities, Potential vision loss, Damage to the photoreceptors, Abnormal visual acuity, Decreased visual acuity, Retinal pigmentary abnormalities, Vision changes"
POTIGA,warnings and precautions,
TUDORZA,adverse reactions,"Paradoxical bronchospasm, Worsening of narrow-angle glaucoma, Worsening of urinary retention, Immediate Hypersensitivity Reactions, headache, nasopharyngitis, cough, Diarrhea, Sinusitis, Rhinitis, Toothache, Fall, Vomiting, diabetes mellitus, dry mouth, 1st degree AV block, osteoarthritis, cardiac failure, cardio-respiratory arrest, anaphylaxis, angioedema, urticaria, rash, bronchospasm, itching"
TUDORZA,warnings and precautions,"Paradoxical bronchospasm, Worsening of narrow-angle glaucoma, Worsening of urinary retention, Immediate hypersensitivity reactions, angioedema, bronchospasm, anaphylaxis, eye pain or discomfort, blurred vision, visual halos or colored images in association with red eyes from conjunctival congestion and corneal edema, difficulty passing urine, painful urination, swelling of the lips, tongue, or throat, urticaria, rash, itching"
PROMACTA,adverse reactions,
PROMACTA,boxed warnings,"Hepatic decompensation, Chronic Hepatitis C"
PROMACTA,warnings and precautions,"Hepatotoxicity, Thrombotic Complications, Thromboembolic Complications, Hepatic Decompensation, Ascites, Encephalopathy, Liver enzyme elevations, Indirect hyperbilirubinemia, Liver injury, Hepatic decompensation, Thrombotic event, Thromboembolism, Portal venous thrombosis, Portal vein thrombosis, Cataracts"
INLYTA,adverse reactions,
INLYTA,warnings and precautions,
NORTHERA,adverse reactions,"Supine Hypertension, Hyperpyrexia, Confusion, Ischemic heart disease, Arrhythmias, Congestive heart failure, Headache, Dizziness, Nausea, Hypertension, Fatigue, Increased blood pressure, Falls, Urinary tract infections, Syncope"
NORTHERA,boxed warnings,Supine Hypertension
NORTHERA,warnings and precautions,"Supine hypertension, Hyperpyrexia, Confusion, Symptoms in patients with existing ischemic heart disease, Arrhythmias, Congestive heart failure, Allergic reactions"
JARDIANCE,adverse reactions,
JARDIANCE,warnings and precautions,"Hypotension, Impairment in renal function, Hypoglycemia, Genital mycotic infections, Urinary tract infections, Increased LDL-C, Macrovascular outcomes"
FANAPT,adverse reactions,
FANAPT,boxed warnings,"Increased mortality, death, cardiovascular events, heart failure, sudden death, infectious events, pneumonia"
FANAPT,warnings and precautions,
TANZEUM,adverse reactions,
TANZEUM,boxed warnings,"Thyroid C-cell tumors, Medullary thyroid carcinoma (MTC), Multiple Endocrine Neoplasia syndrome type 2 (MEN 2)"
TANZEUM,warnings and precautions,"Thyroid C-cell Tumors, Pancreatitis, Hypoglycemia, Hypersensitivity Reactions, Renal Impairment, Macrovascular Outcomes"
EYLEA,adverse reactions,
EYLEA,warnings and precautions,"Endophthalmitis, retinal detachments, increases in intraocular pressure, arterial thromboembolic events"
JEVTANA,adverse reactions,
JEVTANA,boxed warnings,"Neutropenia, Neutropenic deaths, Hypersensitivity, Severe hypersensitivity, Generalized rash/erythema, Hypotension, Bronchospasm"
JEVTANA,warnings and precautions,
YERVOY,adverse reactions,
YERVOY,boxed warnings,"immune-mediated adverse reactions, enterocolitis, hepatitis, dermatitis, toxic epidermal necrolysis, neuropathy, endocrinopathy"
YERVOY,warnings and precautions,
FARXIGA,adverse reactions,
FARXIGA,warnings and precautions,"Hypotension, Impairment in renal function, Hypoglycemia, Genital mycotic infections, Increased LDL-C, Bladder Cancer, Macrovascular outcomes"
PICATO,adverse reactions,"Ophthalmic Adverse Reaction, Hypersensitivity Reactions, local skin reactions, application site pain, application site pruritus, application site irritation, application site infection, periorbital edema, nasopharyngitis, headache, erythema, flaking/scaling, crusting, swelling, vesiculation/pustulation, erosion/ulceration, Application Site Pain, Application Site Pruritus, Application Site Infection, Periorbital Edema, Headache, Application Site Irritation, Nasopharyngitis, eyelid edema, eye pain, conjunctivitis, hypersensitivity, allergic contact dermatitis, herpes zoster, chemical conjunctivitis, corneal burn."
PICATO,warnings and precautions,"Severe eye pain, chemical conjunctivitis, corneal burn, eyelid edema, eyelid ptosis, periorbital edema, vesiculation/pustulation, erosion/ulceration, anaphylaxis, allergic contact dermatitis, erythema, crusting, swelling"
PRISTIQ,adverse reactions,
PRISTIQ,boxed warnings,"Suicidal thoughts and behaviors, worsening, emergence of suicidal thoughts and behaviors"
PRISTIQ,warnings and precautions,
STRIBILD,adverse reactions,
STRIBILD,boxed warnings,"Lactic acidosis, Severe hepatomegaly with steatosis, Acute exacerbations of hepatitis B"
STRIBILD,warnings and precautions,
NULOJIX,adverse reactions,
NULOJIX,boxed warnings,"POST-TRANSPLANT LYMPHOPROLIFERATIVE DISORDER, OTHER MALIGNANCIES, SERIOUS INFECTIONS, Increased susceptibility to infection, possible development of malignancies, increased risk of graft loss, death"
NULOJIX,warnings and precautions,"Post-Transplant Lymphoproliferative Disorder, Other malignancies, Progressive Multifocal Leukoencephalopathy, Other serious infections, Liver transplant, Acute Rejection and Graft Loss with Corticosteroid Minimization, Immunizations, PTLD, EBV Serostatus, Other Risk Factors, Management of Immunosuppression, Serious Infections, Tuberculosis, Polyoma Virus Nephropathy, Liver Transplant, Acute Rejection and Graft Loss with Corticosteroid Minimization, Immunizations."
LUMIZYME,adverse reactions,
LUMIZYME,boxed warnings,"Anaphylaxis, Hypersensitivity, Immune-mediated reactions, Cardiorespiratory failure, Respiratory distress, Hypoxia, Apnea, Dyspnea, Bradycardia, Tachycardia, Bronchospasm, Throat tightness, Hypotension, Angioedema, Tongue swelling, Lip swelling, Periorbital edema, Face edema, Urticaria, Proteinuria, Nephrotic syndrome, Necrotizing skin lesions, Fluid overload."
LUMIZYME,warnings and precautions,
EOVIST,adverse reactions,"Nephrogenic systemic fibrosis, Hypersensitivity reactions, nausea, headache, feeling hot, dizziness, back pain, vomiting, blood pressure increased, Injection site reactions, Dysgeusia, Paresthesia, Flushing, Parosmia, Pruritus, Rash, Respiratory disorders, Fatigue, Chest pain, Vertigo, Dry mouth, Chills, Feeling abnormal, tremor, akathisia, bundle branch block, palpitation, oral discomfort, salivary hypersecretion, maculopapular rash, hyperhidrosis, discomfort, malaise, Elevation of serum iron values, Elevation of serum bilirubin values, Hypersensitivity reactions, anaphylactic shock, hypotension, pharyngolaryngeal edema, urticaria, face edema, rhinitis, conjunctivitis, abdominal pain, hypoesthesia, sneezing, cough, pallor, Tachycardia, Restlessness"
EOVIST,boxed warnings,"Nephrogenic Systemic Fibrosis (NSF), fatal or debilitating fibrosis affecting the skin, muscle and internal organs, Chronic, severe kidney disease, Acute kidney injury, reduced renal function, chronically reduced renal function"
EOVIST,warnings and precautions,"Nephrogenic Systemic Fibrosis, Hypersensitivity: anaphylactoid/hypersensitivity reactions, cardiovascular manifestations, respiratory manifestations, cutaneous manifestations, severe reactions including shock, acute kidney injury, debilitating fibrosis, fatal fibrosis, drug-induced kidney toxicity, Anaphylactic reactions, Acute Kidney Injury, Extravasation into tissues, local tissue reactions, myocyte necrosis and inflammation, Interference with Laboratory Tests, Interference with Visualization of Liver Lesions, reduced hepatic contrast"
BELEODAQ,adverse reactions,
BELEODAQ,warnings and precautions,"Thrombocytopenia, leukopenia, neutropenia, lymphopenia, anemia, infection, pneumonia, sepsis, hepatotoxicity, liver function test abnormalities, tumor lysis syndrome, embryo-fetal toxicity, fetal harm, teratogenicity, embryo-fetal lethality, nausea, vomiting, diarrhea"
VICTRELIS,adverse reactions,
VICTRELIS,warnings and precautions,
VIMIZIM,adverse reactions,"Anaphylaxis, hypersensitivity reactions, pyrexia, vomiting, headache, nausea, abdominal pain, chills, fatigue"
VIMIZIM,boxed warnings,"Anaphylaxis, cough, erythema, throat tightness, urticaria, flushing, cyanosis, hypotension, rash, dyspnea, chest discomfort, gastrointestinal symptoms (nausea, abdominal pain, retching, and vomiting), acute exacerbation of respiratory compromise, hypersensitivity reactions"
VIMIZIM,warnings and precautions,"Anaphylaxis, Hypersensitivity Reactions, Acute Respiratory Complications, Cough, Erythema, Throat tightness, Urticaria, Flushing, Cyanosis, Hypotension, Rash, Dyspnea, Chest discomfort, Gastrointestinal symptoms, Nausea, Abdominal pain, Retching, Vomiting, Peripheral edema, Sleep apnea, Spinal or Cervical Cord Compression, Back pain, Paralysis of limbs below the level of compression, Urinary incontinence, Fecal incontinence"
SIRTURO,adverse reactions,"Increased mortality, QT Prolongation, Hepatotoxicity, Drug Interactions, nausea, arthralgia, headache, hemoptysis, chest pain, Anorexia, Transaminases Increased, Rash, Blood Amylase Increased, aminotransferase elevations"
SIRTURO,boxed warnings,"Increased Mortality, QT Prolongation, significant ventricular arrhythmia, QTcF interval >500 ms, QTcF interval prolongation of greater than 500 ms"
SIRTURO,warnings and precautions,
NEURACEQ,adverse reactions,"Injection site reaction, erythema, irritation, pain"
NEURACEQ,warnings and precautions,"Image interpretation errors, false positives, unintentional radiation exposure, cumulative radiation exposure, Risk for Image Misinterpretation, errors in Neuraceq estimation, errors due to severe brain atrophy, errors due to motion artifacts, increased risk of cancer."
COMETRIQ,adverse reactions,
COMETRIQ,boxed warnings,"Perforations and fistulas, Hemorrhage, Gastrointestinal perforations, Fistula formation, Hemoptysis, Gastrointestinal hemorrhage, Bleeding, Severe hemorrhage"
COMETRIQ,warnings and precautions,
AFINITOR,adverse reactions,
AFINITOR,warnings and precautions,
BREO,adverse reactions,
BREO,boxed warnings,"asthma-related death, increase in asthma-related deaths, increased risk of asthma-related death, asthma-related hospitalization"
BREO,warnings and precautions,
FIRAZYR,adverse reactions,"Injection site reactions, pyrexia, transaminase increase, dizziness, rash, nausea, headache"
FIRAZYR,warnings and precautions,"Laryngeal attacks, airway obstruction"
INVOKANA,adverse reactions,
INVOKANA,warnings and precautions,"Hypotension, Impairment in Renal Function, Hyperkalemia, Hypoglycemia, Genital mycotic infections, Hypersensitivity reactions, Bone fracture, Increased LDL-C"
VORAXAZE,adverse reactions,"Serious allergic reactions, anaphylactic reactions, paraesthesias, flushing, nausea, vomiting, hypotension, headache, myelosuppression, mucositis, acute hepatitis, renal dysfunction, renal failure, blurred vision, diarrhea, hypersensitivity, hypertension, rash, throat irritation, throat tightness, tremor"
VORAXAZE,warnings and precautions,"Serious allergic reactions, anaphylactic reactions"
NESINA,adverse reactions,
NESINA,warnings and precautions,
GILENYA,adverse reactions,"Bradyarrhythmia, Atrioventricular Blocks, Infections, Progressive multifocal leukoencephalopathy, Macular Edema, Posterior Reversible Encephalopathy Syndrome, Respiratory Effects, Liver Injury, Headache, liver transaminase elevation, diarrhea, cough, influenza, sinusitis, back pain, abdominal pain, pain in extremity, serum transaminase elevations, basal cell carcinoma, Influenza, Sinusitis, Bronchitis, Herpes zoster, Tinea versicolor, Bradycardia, Headache, Migraine, Nausea, Diarrhea, Abdominal pain, Asthenia, Back pain, Pain in extremity, Alopecia, Actinic keratosis, Liver transaminase elevations, Blood triglycerides increased, Cough, Dyspnea, Vision blurred, Hypertension, Lymphopenia, Leukopenia, Skin papilloma, Basal cell carcinoma, dizziness, pneumonia, eczema, pruritus, Vascular events, ischemic and hemorrhagic strokes, peripheral arterial occlusive disease, Lymphomas"
GILENYA,warnings and precautions,
HALAVEN,adverse reactions,
HALAVEN,warnings and precautions,"Neutropenia, Peripheral Neuropathy, Embryo-Fetal Toxicity, QT Prolongation, congestive heart failure, bradyarrhythmias, electrolyte abnormalities, congenital long QT syndrome, severe neutropenia, febrile neutropenia, Grade 3 or 4 cytopenias, Grade 3 peripheral neuropathy, Grade 4 peripheral neuropathy, peripheral motor and sensory neuropathy, Embryo-fetal toxicity, teratogenicity, hypokalemia, hypomagnesemia"
INTELENCE,adverse reactions,
INTELENCE,warnings and precautions,"Severe skin reactions, fatal skin reactions, Stevens-Johnson syndrome, hypersensitivity reaction, toxic epidermal necrolysis, erythema multiforme, severe hypersensitivity, severe rash, rash with systemic symptoms, liver transaminase elevations, Drug Rash with Eosinophilia and Systemic Symptoms (DRESS), rash, constitutional findings, organ dysfunction, hepatic failure, Grade 3 and 4 rashes, severe skin reactions, rash accompanied by fever, general malaise, fatigue, muscle or joint aches, blisters, oral lesions, conjunctivitis, facial edema, hepatitis, eosinophilia, angioedema, Redistribution/accumulation of body fat, central obesity, dorsocervical fat enlargement (buffalo hump), peripheral wasting, facial wasting, breast enlargement, ""cushingoid appearance"", Immune reconstitution syndrome, inflammatory response, Mycobacterium avium infection, cytomegalovirus, Pneumocystis jiroveci pneumonia (PCP), tuberculosis, Autoimmune disorders, Graves' disease, polymyositis, Guillain-Barre syndrome."
AMYVID,adverse reactions,"headache, musculoskeletal pain, blood pressure increased, fatigue, nausea, injection site reaction, anxiety, back pain, claustrophobia, dizziness, feeling cold, insomnia, neck pain, infusion site rash, dysgeusia, pruritis, urticaria, flushing"
AMYVID,warnings and precautions,"Image interpretation errors, false negatives, Radiation risk, unintentional radiation exposure, errors in Amyvid estimation of brain neuritic plaque density, extensive brain atrophy, motion artifacts, increase risk of cancer"
ULESFIA,adverse reactions,"Ocular irritation, application site irritation, application site anesthesia, hypoesthesia, pain, pruritus, erythema, pyoderma, application site dryness, application site excoriation, paraesthesia, application site dermatitis, excoriation, thermal burn, dandruff, rash, skin exfoliation"
ULESFIA,warnings and precautions,"Neonatal toxicity, gasping syndrome, Eye irritation, Contact dermatitis, allergic dermatitis, irritant dermatitis, severe metabolic acidosis, gasping respirations, progressive hypotension, seizures, central nervous system depression, intraventricular hemorrhage, death"
OTEZLA,adverse reactions,"Diarrhea, nausea, headache, upper respiratory tract infection, tension headache, vomiting, abdominal pain, fatigue, dyspepsia, decreased appetite, insomnia, back pain, migraine, frequent bowel movements, depression, bronchitis, tooth abscess, folliculitis, sinus headache, severe worsening of psoriasis."
OTEZLA,warnings and precautions,"Depression, suicidal thoughts, mood changes, weight decrease, loss of efficacy"
ILARIS,adverse reactions,
ILARIS,warnings and precautions,
NATAZIA,adverse reactions,"Serious cardiovascular events, stroke, vascular events, liver disease, irregular uterine bleeding, nausea, breast tenderness, headache, headaches, migraines, breast tenderness, pain, menstrual disorders, nausea/or vomiting, acne, mood changes, increased weight, menstrual disorder, metrorrhagia, menorrhagia, menstruation irregular, genital hemorrhage, vaginal hemorrhage, dysfunctional uterine bleeding, depression, mood swings, mood altered, depressed mood, dysthymic disorder, crying, weight increased, myocardial infarction, ruptured ovarian cyst, deep vein thrombosis, focal nodular hyperplasia of the liver, uterine leiomyoma, acute cholecystitis, chronic acalculous cholecystitis, venous and arterial thromboembolic events, pulmonary emboli, cerebral thrombosis, hypertension, gallbladder disease, hepatitis, hypersensitivity, fluid retention, hypertriglyceridemia, dizziness, chloasma, angioedema, erythema nodosum, erythema multiforme, gastrointestinal symptoms, abdominal pain, vulvovaginal candidiasis"
NATAZIA,boxed warnings,"Cigarette smoking, Serious cardiovascular events"
NATAZIA,warnings and precautions,
DIFICID,adverse reactions,"nausea, vomiting, abdominal pain, gastrointestinal hemorrhage, anemia, neutropenia, abdominal distension, abdominal tenderness, dyspepsia, dysphagia, flatulence, intestinal obstruction, megacolon, increased blood alkaline phosphatase, decreased blood bicarbonate, increased hepatic enzymes, decreased platelet count, hyperglycemia, metabolic acidosis, drug eruption, pruritus, rash, hypersensitivity reactions, dyspnea, angioedema"
DIFICID,warnings and precautions,"Systemic infections, Acute hypersensitivity reactions, angioedema, dyspnea, pruritus, rash, Drug-resistant bacteria"
ONFI,adverse reactions,
ONFI,warnings and precautions,"Somnolence, Sedation, Withdrawal, Serious Dermatological Reactions, Stevens-Johnson syndrome, toxic epidermal necrolysis, Physical and Psychological Dependence, Suicidal Behavior and Ideation, depression, convulsions, psychosis, hallucinations, behavioral disorder, tremor, anxiety, dysphoria, insomnia, rash, habituation, Signs or symptoms of SJS/TEN, suicidal thoughts or behaviors, worsening of depression, any unusual changes in mood or behavior, thinking or behavior related to suicide."
TECFIDERA,adverse reactions,"Anaphylaxis, Angioedema, Progressive multifocal leukoencephalopathy, Lymphopenia, Flushing, Abdominal pain, Diarrhea, Nausea, Vomiting, Pruritus, Rash, Albumin urine present, Erythema, Dyspepsia, Aspartate aminotransferase increased, Elevated hepatic transaminases, Eosinophilia"
TECFIDERA,warnings and precautions,
DYSPORT,adverse reactions,
DYSPORT,boxed warnings,"asthenia, generalized muscle weakness, diplopia, blurred vision, ptosis, dysphagia, dysphonia, dysarthria, urinary incontinence, breathing difficulties, death"
DYSPORT,warnings and precautions,"respiratory difficulties, speech difficulties, swallowing difficulties, clinical effects of treatment, transmission of Creutzfeldt-Jakob disease (CJD), asthenia, generalized muscle weakness, diplopia, blurred vision, ptosis, dysphagia, dysphonia, dysarthria, urinary incontinence, breathing difficulties, death related to spread of toxin effects, spread of toxin effect, swallowing difficulties, breathing difficulties, severe dysphagia, use of a feeding tube, aspiration, critical loss of breathing capacity, respiratory failure, problems with swallowing, speech disorders, respiratory disorders, excessive weakness or atrophy in the target muscle(s), marked facial asymmetry, inflammation at the injection site(s), ptosis, excessive dermatochalasis, deep dermal scarring, thick sebaceous skin, inability to substantially lessen glabellar lines by physically spreading them apart, eyelid ptosis, peripheral motor neuropathic diseases, amyotrophic lateral sclerosis, neuromuscular junction disorders, severe dysphagia, respiratory compromise, transmission of viral diseases, intradermal immune reaction"
ZYTIGA,adverse reactions,
ZYTIGA,warnings and precautions,"Mineralocorticoid excess, Adrenocortical insufficiency, Hepatotoxicity, Hypertension, Hypokalemia, Fluid retention, Adrenal insufficiency, ALT or AST increases, liver enzyme increases, hepatotoxicity events, Elevations of AST, ALT, or bilirubin, liver function tests to the patient's baseline, AST or ALT greater than or equal to 20* ULN and/or bilirubin greater than or equal to 10* ULN."
DUAVEE,adverse reactions,"Cardiovascular Disorders, Malignant Neoplasms, Gallbladder Disease, Hypertriglyceridemia, muscle spasms, nausea, diarrhea, dyspepsia, abdominal pain upper, oropharyngeal pain, dizziness, neck pain, hot flush, venous thromboembolism, deep venous thrombosis, pulmonary embolism, retinal vein thrombosis"
DUAVEE,boxed warnings,
DUAVEE,warnings and precautions,
SAPHRIS,adverse reactions,
SAPHRIS,boxed warnings,"Increased mortality, Dementia-related psychosis, Risk of death"
SAPHRIS,warnings and precautions,
DUREZOL,adverse reactions,"elevated intraocular pressure, optic nerve damage, visual acuity and field defects, posterior subcapsular cataract formation, secondary ocular infection, herpes simplex, perforation of the globe, thinning of the cornea, thinning of the sclera, corneal edema, ciliary and conjunctival hyperemia, eye pain, photophobia, posterior capsule opacification, anterior chamber cells, anterior chamber flare, conjunctival edema, blepharitis, reduced visual acuity, punctate keratitis, eye inflammation, iritis, application site discomfort, application site irritation, corneal pigmentation, corneal striae, episcleritis, eye pruritis, eyelid irritation, eyelid crusting, foreign body sensation, increased lacrimation, macular edema, sclera hyperemia, uveitis, blurred vision, eye irritation, headache, increased IOP, limbal and conjunctival hyperemia, dry eye, iridocyclitis, anterior chamber flare"
DUREZOL,warnings and precautions,"Intraocular pressure increase, glaucoma, damage to the optic nerve, defects in visual acuity, defects in fields of vision, cataracts, posterior subcapsular cataract formation, delayed healing, bleb formation, perforations of the cornea or sclera, bacterial infections, secondary ocular infections, masking infection, enhancing existing infection, viral infections, exacerbation of many viral infections of the eye, herpes simplex, fungal infections, fungus invasion, persistent corneal ulceration, absorption by soft contact lenses"
ZYDELIG,adverse reactions,"Hepatotoxicity, Severe Diarrhea, Colitis, Pneumonitis, Intestinal Perforation, Severe Cutaneous Reactions, Anaphylaxis, Neutropenia, diarrhea, pyrexia, fatigue, nausea, cough, pneumonia, abdominal pain, chills, rash, hypertriglyceridemia, hyperglycemia, ALT elevations, AST elevations, pneumonia, sepsis, febrile neutropenia, elevated transaminases, nausea, vomiting, gastroesophageal reflux disease, stomatitis, headache, pyrexia, chills, pain, rash, nasal congestion, sepsis, bronchitis, sinusitis, urinary tract infection, arthralgia, neutrophil count decreased, lymphocyte count decreased, lymphocyte count increased, ALT increased, AST increased, GGT increased, hypertriglyceridemia, hypoglycemia, hyponatremia, diarrhea, pneumonia, elevated transaminases, abdominal pain, vomiting, fatigue, pyrexia, asthenia, peripheral edema, upper respiratory tract infection, pneumonia, cough, dyspnea, rash, night sweats, headache, decreased appetite, insomnia, ALT increased, AST increased, neutrophils decreased, hemoglobin decreased, platelets decreased."
ZYDELIG,boxed warnings,"Fatal and serious toxicities, Hepatic, Severe diarrhea, Colitis, Pneumonitis, Intestinal perforation, Fatal and/or serious hepatotoxicity, Pulmonary symptoms, Bilateral interstitial infiltrates"
ZYDELIG,warnings and precautions,"Severe cutaneous reactions, Anaphylaxis, Neutropenia, Embryo-fetal toxicity, Hepatotoxicity, Severe Diarrhea or Colitis, Pneumonitis, Intestinal Perforation"
KALBITOR,adverse reactions,"Hypersensitivity reactions, anaphylaxis, headache, nausea, diarrhea, pyrexia, injection site reactions, nasopharyngitis, fatigue, upper respiratory tract infection, vomiting, pruritus, upper abdominal pain, local pruritus, erythema, pain, irritation, urticaria, bruising"
KALBITOR,boxed warnings,"Anaphylaxis, Hypersensitivity reactions, Hereditary angioedema"
KALBITOR,warnings and precautions,"Hypersensitivity Reactions, Anaphylaxis, chest discomfort, flushing, pharyngeal edema, pruritus, rhinorrhea, sneezing, nasal congestion, throat irritation, urticaria, wheezing, hypotension, rash"
ADCETRIS,adverse reactions,
ADCETRIS,boxed warnings,"Progressive Multifocal Leukoencephalopathy, JC virus infection, death"
ADCETRIS,warnings and precautions,
BESIVANCE,adverse reactions,"conjunctival redness, blurred vision, eye pain, eye irritation, eye pruritus, headache"
BESIVANCE,warnings and precautions,"Topical Ophthalmic Use Only, Growth of Resistant Organisms with Prolonged Use, Avoidance of Contact Lenses, overgrowth of non-susceptible organisms, super-infection, bacterial conjunctivitis"
CLEVIPREX,adverse reactions,"Hypotension, Reflex Tachycardia, headache, nausea, vomiting, Acute renal failure, Atrial fibrillation, myocardial infarction, cardiac arrest, syncope, dyspnea, increased blood triglycerides, ileus, hypersensitivity, decreased oxygen saturation, possible pulmonary shunting"
CLEVIPREX,warnings and precautions,"Hypotension, Reflex tachycardia, Negative inotropic effects, Exacerbate heart failure, Rebound Hypertension"
XTANDI,adverse reactions,
XTANDI,warnings and precautions,"Seizure, loss of consciousness, transient ischemic attack, cerebral vascular accident, brain metastases, brain arteriovenous malformation, sudden loss of consciousness"
BOSULIF,adverse reactions,
BOSULIF,warnings and precautions,
CARBAGLU,adverse reactions,"Infections, vomiting, abdominal pain, pyrexia, tonsillitis, anemia, ear infection, diarrhea, nasopharyngitis, headache, dysgeusia, asthenia, hyperhidrosis, influenza, pneumonia, hemoglobin decreased, weight decreased, anorexia, somnolence, rash"
CARBAGLU,warnings and precautions,"Hyperammonemia, injury to the brain, death, brain injury/damage"
SIMPONI,adverse reactions,
SIMPONI,boxed warnings,"SERIOUS INFECTIONS, MALIGNANCY, Serious infections leading to hospitalization or death, tuberculosis (TB), bacterial sepsis, invasive fungal (such as histoplasmosis), opportunistic infections, Active tuberculosis, reactivation of latent tuberculosis, disseminated or extrapulmonary disease, Invasive fungal infections, histoplasmosis, coccidioidomycosis, candidiasis, aspergillosis, blastomycosis, pneumocystosis, disseminated disease, Bacterial, viral, and other infections due to opportunistic pathogens, Legionella, Listeria, Lymphoma"
SIMPONI,warnings and precautions,
BENLYSTA,adverse reactions,"Mortality, Serious Infections, Malignancy, Hypersensitivity Reactions, Anaphylaxis, Infusion Reactions, Depression, Nausea, Diarrhea, Pyrexia, Nasopharyngitis, Bronchitis, Insomnia, Pain in extremity, Migraine, Pharyngitis, Lupus Nephritis, Infections, Cystitis, Leukopenia, Gastroenteritis viral, Fatal anaphylaxis"
BENLYSTA,warnings and precautions,
TOVIAZ,adverse reactions,"Dry mouth, Constipation, Angina, Chest pain, Gastroenteritis, QT prolongation on ECG, Dyspepsia, Nausea, Abdominal pain upper, Urinary tract infection, Upper respiratory tract infection, Dry eyes, Dysuria, Urinary retention, Cough, Dry throat, Edema peripheral, Back pain, Insomnia, ALT increased, GGT increased, Rash, Urinary retention, Diverticulitis, Irritable bowel syndrome, Electrocardiogram QT corrected interval prolongation, Blurred vision, Palpitations, Hypersensitivity reactions, Angioedema with airway obstruction, Face edema, Dizziness, Headache, Somnolence, Urticaria, Pruritus."
TOVIAZ,warnings and precautions,"Angioedema of the face, lips, tongue, larynx, urinary retention, decreased gastrointestinal motility, severe constipation, narrow-angle glaucoma, Central Nervous System Effects, somnolence, headache, dizziness, hepatic impairment, renal impairment."
ENTEREG,adverse reactions,dyspepsia
ENTEREG,boxed warnings,Myocardial infarction
ENTEREG,warnings and precautions,
VIZAMYL,adverse reactions,"Flushing, headache, increased blood pressure, nausea, dizziness, hypersensitivity reaction, dyspnea, chest pressure"
VIZAMYL,warnings and precautions,"Hypersensitivity reactions, Image interpretation errors, Radiation risk, Flushing, Dyspnea, Risk for Image Misinterpretation, Motion artifacts, Increased risk of cancer, Unintentional radiation exposure"
AMPYRA,adverse reactions,
AMPYRA,warnings and precautions,"seizures, anaphylaxis, renal impairment, adverse reactions, severe allergic reactions, respiratory compromise, urticaria, angioedema of the throat and or tongue, Urinary Tract Infections (UTIs)"
