,drug_name,section_name,gpt_output
0,KYPROLIS,adverse reactions,"Cardiac Toxicities, Acute Renal Failure, Tumor Lysis Syndrome, Pulmonary Toxicity, Pulmonary Hypertension, Dyspnea, Hypertension, Venous Thrombosis, Infusion Reactions, Thrombocytopenia, Hepatic Toxicity, Hepatic Failure, Thrombotic Thrombocytopenic Purpura, Hemolytic Uremic Syndrome, Posterior Reversible Encephalopathy Syndrome, Anemia, Fatigue, Thrombocytopenia, Nausea, Pyrexia, Decreased Platelets, Dyspnea, Diarrhea, Decreased Lymphocyte, Headache, Decreased Hemoglobin, Cough, Edema Peripheral, Decreased Lymphocytes, Decreased Absolute Neutrophil Count, Decreased Phosphorus, Neutropenia, Decreased Total White Blood Cell Count, Diarrhea, Constipation, Nausea, Fatigue, Thrombocytopenia, Pyrexia, Muscle Spasm, Cough, Upper Respiratory Tract Infection, Decreased Hemoglobin, Hypokalemia, Pneumonia, Respiratory Tract Infection, Pulmonary Embolism, Anemia, Neutropenia, Thrombocytopenia, Diarrhea, Fatigue, Pyrexia, Edema Peripheral, Asthenia, Upper Respiratory Tract Infection, Nasopharyngitis, Bronchitis, Hypokalemia, Hypocalcemia, Hyperglycemia, Muscle Spasms, Peripheral Neuropathies, Insomnia, Cough, Dyspnea, Rash, Embolic and Thrombotic Events, Venous, Hypertension, Febrile Neutropenia, Lymphopenia, Cardiac Arrest, Cardiac Failure, Cardiac Failure Congestive, Myocardial Infarction, Myocardial Ischemia, Cataract, Vision Blurred, Abdominal Pain, Abdominal Pain Upper, Dyspepsia, Toothache, Chills, Infusion Site Reaction, Multi-organ Failure, Pain, Influenza, Sepsis, Urinary Tract Infection, Viral Infection, Dehydration, Hyperkalemia, Hyperuricemia, Hypoalbuminemia, Hyponatremia, Tumor Lysis Syndrome, Muscular Weakness, Myalgia, Hypoesthesia, Paresthesia, Deafness, Anxiety, Delirium, Renal Failure, Renal Failure Acute, Renal Impairment, Dysphonia, Epistaxis, Oropharyngeal Pain, Pulmonary Embolism, Pulmonary Edema, Erythema, Hyperhidrosis, Pruritus, Deep Vein Thrombosis, Hypotension, Death."
1,MULTAQ,adverse reactions,"New or worsening heart failure, Liver Injury, Pulmonary toxicity, Hypokalemia, hypomagnesemia, QT prolongation, death, diarrhea, nausea, abdominal pain, vomiting, asthenia, gastrointestinal disorders, dyspeptic signs and symptoms, bradycardia, rashes, pruritus, eczema, dermatitis, dermatitis allergic, photosensitivity reaction, dysgeusia, early increases in creatinine, QTc prolonged, atrial flutter, interstitial lung disease, pneumonitis, pulmonary fibrosis, anaphylactic reactions, angioedema, vasculitis, leukocytoclastic vasculitis."
2,JUBLIA,adverse reactions,"Ingrown toenails, Application site dermatitis, Application site vesicles, Application site pain, Death."
3,TEFLARO,adverse reactions,"Hypersensitivity Reactions, Clostridium difficile-Associated diarrhea, Direct Coombs' Test Seroconversion, diarrhea, nausea, rash, death, constipation, vomiting, increased transaminases, hypokalemia, rash, phlebitis, anemia, eosinophilia, neutropenia, thrombocytopenia, bradycardia, palpitations, abdominal pain, pyrexia, hepatitis, hypersensitivity, anaphylaxis, Clostridium difficile colitis, hyperglycemia, hyperkalemia, dizziness, convulsion, renal failure, urticaria, agranulocytosis."
4,DATSCAN,adverse reactions,"Hypersensitivity, injection site reactions, headache, nausea, vertigo, dry mouth, dizziness, rash, pruritis, injection site pain"
5,TIVICAY,adverse reactions,"Hypersensitivity reactions, Effects on serum liver biochemistries, Fat Redistribution, Immune Reconstitution Syndrome, death, insomnia, fatigue, headache, depression, abnormal dreams, dizziness, nausea, diarrhea, rash, vertigo, abdominal pain, abdominal discomfort, flatulence, upper abdominal pain, vomiting, hepatitis, myositis, suicidal ideation, attempt, behavior, or completion, renal impairment, pruritus, elevated ALT, elevated AST, hyperglycemia, lipase, total neutrophils, cholesterol, HDL cholesterol, LDL cholesterol, triglycerides, neutropenia, liver chemistry elevations, immune reconstitution syndrome, changes in serum creatinine."
6,TAFINLAR,adverse reactions,"New Primary Malignancies, Tumor Promotion in BRAF Wild-Type Melanoma, Hemorrhage, Venous Thromboembolism, Cardiomyopathy, Ocular Toxicities, Serious Febrile Reactions, Serious Skin Toxicity, Hyperglycemia, Glucose-6-Phosphate Dehydrogenase Deficiency, Hyperkeratosis, Headache, Pyrexia, Arthralgia, Papilloma, Alopecia, Palmar-plantar erythrodysesthesia syndrome, Chills, Fatigue, Rash, Nausea, Vomiting, Diarrhea, Abdominal pain, Peripheral edema, Cough, Night sweats, Decreased appetite, Constipation, Myalgia, Back pain, Nasopharyngitis, Pancreatitis, Hypersensitivity manifesting as bullous rash, Interstitial nephritis, Vision blurred, Transient blindness, Stomatitis, Asthenia, Cellulitis, Folliculitis, Paronychia, Rash pustular, Hypertension, Renal failure, Dry skin, Dermatitis acneiform, Actinic keratosis, Erythema, Pruritus, Muscle spasms, Pain in extremity, Dehydration, Insomnia, Dizziness, Oropharyngeal pain, Hemorrhage, Urinary tract infection, Death"
7,HORIZANT,adverse reactions,"somnolence, sedation, dizziness, headache, nausea, dry mouth, flatulence, fatigue, irritability, feeling drunk, feeling abnormal, peripheral edema, weight increased, increased appetite, vertigo, depression, libido decreased, balance disorder, blurred vision, disorientation, lethargy, breast enlargement, gynecomastia, elevated creatine kinase"
8,IMBRUVICA,adverse reactions,"Hemorrhage, Infections, Cytopenias, Atrial Fibrillation, Second Primary Malignancies, Tumor Lysis Syndrome, death, thrombocytopenia, neutropenia, diarrhea, anemia, fatigue, musculoskeletal pain, bruising, nausea, upper respiratory tract infection, rash, pneumonia, abdominal pain, atrial fibrillation, constipation, dyspnea, vomiting, decreased appetite, urinary tract infection, skin infections, sinusitis, peripheral edema, pyrexia, asthenia, petechiae, muscle spasms, arthralgia, cough, epistaxis, dehydration, dizziness, headache, subdural hematoma, lymphocytosis, intracranial hemorrhage, lethargy, gait instability, hyperuricemia, renal failure, creatinine increase, uric acid elevation, anaphylactic shock, urticaria, angioedema."
9,ULORIC,adverse reactions,"Liver function abnormalities, nausea, arthralgia, rash, death, dizziness, anemia, idiopathic thrombocytopenic purpura, leukocytosis/leukopenia, neutropenia, pancytopenia, splenomegaly, thrombocytopenia, angina pectoris, atrial fibrillation/flutter, cardiac murmur, ECG abnormal, palpitations, sinus bradycardia, tachycardia, deafness, tinnitus, vertigo, vision blurred, abdominal distention, abdominal pain, constipation, dry mouth, dyspepsia, flatulence, frequent stools, gastritis, gastroesophageal reflux disease, gastrointestinal discomfort, gingival pain, haematemesis, hyperchlorhydria, hematochezia, mouth ulceration, pancreatitis, peptic ulcer, vomiting, asthenia, chest pain/discomfort, edema, fatigue, feeling abnormal, gait disturbance, influenza-like symptoms, mass, pain, thirst, cholelithiasis/cholecystitis, hepatic steatosis, hepatitis, hepatomegaly, hypersensitivity, herpes zoster, contusion, anorexia, appetite decreased/increased, dehydration, diabetes mellitus, hypercholesterolemia, hyperglycemia, hyperlipidemia, hypertriglyceridemia, hypokalemia, weight decreased/increased, arthritis, joint stiffness, joint swelling, muscle spasms/twitching/tightness/weakness, musculoskeletal pain/stiffness, myalgia, altered taste, balance disorder, cerebrovascular accident, Guillain-Barre syndrome, headache, hemiparesis, hypoesthesia, hyposmia, lacunar infarction, lethargy, mental impairment, migraine, paresthesia, somnolence, transient ischemic attack, tremor, agitation, anxiety, depression, insomnia, irritability, libido decreased, nervousness, panic attack, personality change, hematuria, nephrolithiasis, pollakiuria, proteinuria, renal failure, renal insufficiency, urgency, incontinence, breast pain, erectile dysfunction, gynecomastia, bronchitis, cough, dyspnea, epistaxis, nasal dryness, paranasal sinus hypersecretion, pharyngeal edema, respiratory tract congestion, sneezing, throat irritation, upper respiratory tract infection, alopecia, angio-edema, dermatitis, dermographism, ecchymosis, eczema, hair color changes, hair growth abnormal, hyperhidrosis, peeling skin, petechiae, photosensitivity, pruritus, purpura, skin discoloration/altered pigmentation, skin lesion, skin odor abnormal, urticaria, flushing, hot flush, hypertension, hypotension, activated partial thromboplastin time prolonged, creatine increased, bicarbonate decreased, sodium increased, EEG abnormal, glucose increased, cholesterol increased, triglycerides increased, amylase increased, potassium increased, TSH increased, platelet count decreased, hematocrit decreased, hemoglobin decreased, MCV increased, RBC decreased, creatinine increased, blood urea increased, BUN/creatinine ratio increased, creatine phosphokinase (CPK) increased, alkaline phosphatase increased, LDH increased, PSA increased, urine output increased/decreased, lymphocyte count decreased, neutrophil count decreased, WBC increased/decreased, coagulation test abnormal, low density lipoprotein (LDL) increased, prothrombin time prolonged, urinary casts, urine positive for white blood cells and protein, hepatic failure, jaundice, serious cases of abnormal liver function test results, liver disorder, anaphylaxis, anaphylactic reaction, rhabdomyolysis, psychotic behavior including aggressive thoughts, tubulointerstitial nephritis, generalized rash, Stevens Johnson Syndrome, hypersensitivity skin reactions."
10,CIMZIA,adverse reactions,"Upper respiratory tract infection, rash, urinary tract infection, serious infections, malignancies, heart failure, death, abdominal pain, diarrhea, intestinal obstruction, tuberculosis infections, pyrexia, urticaria, pneumonia, arthralgia, anemia, leukopenia, lymphadenopathy, pancytopenia, thrombophilia, angina pectoris, arrhythmias, atrial fibrillation, cardiac failure, hypertensive heart disease, myocardial infarction, myocardial ischemia, pericardial effusion, pericarditis, stroke, transient ischemic attack, optic neuritis, retinal hemorrhage, uveitis, bleeding, injection site reactions, elevated liver enzymes, hepatitis, alopecia totalis, anxiety, bipolar disorder, suicide attempt, nephrotic syndrome, renal failure, menstrual disorder, dermatitis, erythema nodosum, vasculitis, thrombophlebitis, systemic vasculitis, Stevens-Johnson syndrome, toxic epidermal necrolysis, erythema multiforme, sarcoidosis."
11,KALYDECO,adverse reactions,"Transaminase Elevations, headache, oropharyngeal pain, upper respiratory tract infection, nasal congestion, abdominal pain, nasopharyngitis, diarrhea, rash, nausea, dizziness, increased hepatic enzymes, hypoglycemia, rhinitis, aspartate aminotransferase increased, bacteria in sputum, blood glucose increased, musculoskeletal chest pain, myalgia, sinus headache, pharyngeal erythema, pleuritic pain, sinus congestion, wheezing, acne, death"
12,FULYZAQ,adverse reactions,"Upper respiratory tract infection, bronchitis, cough, flatulence, increased bilirubin, nausea, back pain, arthralgia, urinary tract infection, nasopharyngitis, musculoskeletal pain, hemorrhoids, giardiasis, anxiety, increased alanine aminotransferase, abdominal distension, abdominal pain, acne, increased aspartate aminotransferase, increased conjugated bilirubin, increased unconjugated blood bilirubin, constipation, depression, dermatitis, dizziness, dry mouth, dyspepsia, gastroenteritis, herpes zoster, nephrolithiasis, pain in extremity, pollakiuria, procedural pain, seasonal allergy, sinusitis, decreased white blood cell count."
13,QUTENZA,adverse reactions,"Application-Associated Pain, Increase in Blood Pressure, Application site erythema, Application site pain, Application site pruritus, Application site papules, Application site edema, Application site swelling, Application site dryness, Nasopharyngitis, Bronchitis, Sinusitis, Nausea, Vomiting, Pruritus, Hypertension, Application site urticaria, Application site paresthesia, Application site dermatitis, Application site hyperesthesia, Application site excoriation, Application site warmth, Application site anesthesia, Application site bruising, Application site inflammation, Application site exfoliation, Peripheral edema, Headache, Burning sensation, Peripheral sensory neuropathy, Dizziness, Dysgeusia, Hyperesthesia, Hypoesthesia, Cough, Throat irritation, Abnormal skin odor"
14,GRANIX,adverse reactions,"Splenic Rupture, death, Acute Respiratory Distress Syndrome, death, Serious Allergic Reactions, death, Use in Patients with Sickle Cell Disease, death, Capillary Leak Syndrome, death, Potential for Tumor Growth Stimulatory Effects on Malignant Cells, death, Bone pain, Leukocytosis, Myalgia, Headache, Vomiting, Sweet's syndrome (acute febrile neutrophilic dermatosis), Cutaneous vasculitis, Thrombocytopenia"
15,COARTEM,adverse reactions,"Headache, Anorexia, Dizziness, Asthenia, Arthralgia, Myalgia, Pyrexia, Cough, Vomiting, Chills, Fatigue, Malaise, Nausea, Abdominal pain, Diarrhea, Sleep disorder, Insomnia, Palpitations, Hepatomegaly, Splenomegaly, Anemia, Pruritus, Rash, Vertigo, Malaria, Nasopharyngitis, Plasmodium falciparum infection, Rhinitis, Aspartate aminotransferase increased, Eosinophilia, Tinnitus, Conjunctivitis, Constipation, Dyspepsia, Dysphagia, Peptic ulcer, Gait disturbance, Abscess, Acrodermatitis, Bronchitis, Ear infection, Gastroenteritis, Helminthic infection, Hookworm infection, Impetigo, Influenza, Lower respiratory tract infection, Oral herpes, Pneumonia, Respiratory tract infection, Subcutaneous abscess, Upper respiratory tract infection, Urinary tract infection, Alanine aminotransferase increased, Hematocrit decreased, Lymphocyte morphology abnormal, Platelet count decreased, Platelet count increased, White blood cell count decreased, White blood cell count increased, Hypokalemia, Back pain, Ataxia, Clonus, Fine motor delay, Hyperreflexia, Hypoesthesia, Nystagmus, Tremor, Agitation, Mood swings, Hematuria, Proteinuria, Asthma, Pharyngo-laryngeal pain, Urticaria, Anaphylaxis, Urticaria, Angioedema, Bullous eruption, Death"
16,APTIOM,adverse reactions,"Suicidal Behavior, Ideation, Serious Dermatologic Reactions, Drug Reaction with Eosinophilia and Systemic Symptoms (DRESS), Multiorgan Hypersensitivity, Anaphylactic Reactions, Angioedema, Hyponatremia, Neurological Adverse Reactions, Drug Induced Liver Injury, Abnormal Thyroid Function Tests, dizziness, somnolence, nausea, headache, diplopia, vomiting, fatigue, vertigo, ataxia, blurred vision, tremor, death"
17,PROLIA,adverse reactions,"Hypocalcemia, death, serious infections, death, dermatologic adverse reactions, osteonecrosis of the jaw, atypical subtrochanteric and diaphyseal femoral fractures, back pain, pain in extremity, musculoskeletal pain, hypercholesterolemia, cystitis, constipation, pancreatitis, anemia, angina pectoris, atrial fibrillation, vertigo, abdominal pain upper, flatulence, gastroesophageal reflux disease, edema peripheral, asthenia, cystitis, upper respiratory tract infection, pneumonia, pharyngitis, herpes zoster, hypercholesterolemia, bone pain, myalgia, spinal osteoarthritis, sciatica, insomnia, rash, pruritus, epidermal adverse events, dermal adverse events, osteonecrosis of the jaw, atypical femoral fractures, pancreatitis, new malignancies, cataracts, drug-related hypersensitivity reactions, anaphylaxis, urticaria, facial swelling, erythema, severe symptomatic hypocalcemia, musculoskeletal pain, severe cases, marked elevation in serum PTH, severe renal impairment, immunogenicity."
18,BLINCYTO,adverse reactions,"Cytokine Release Syndrome, Neurological Toxicities, Infections, Tumor Lysis Syndrome, Neutropenia, Febrile Neutropenia, Effects on Ability to Drive and Use Machines, Elevated Liver Enzymes, Leukoencephalopathy, Preparation and Administration Errors, pyrexia, headache, peripheral edema, febrile neutropenia, nausea, hypokalemia, tremor, rash, constipation, death, pneumonia, sepsis, device-related infection, encephalopathy, overdose, confusion, Staphylococcal bacteremia, anemia, thrombocytopenia, leukopenia, diarrhea, abdominal pain, vomiting, fatigue, chills, chest pain, cytokine release syndrome, other pathogen infections, bacterial infections, fungal infections, viral infections, increased alanine aminotransferase, increased aspartate aminotransferase, increased weight, hypomagnesemia, hyperglycemia, decreased appetite, hypophosphatemia, back pain, pain in extremity, bone pain, arthralgia, resting tremor, dizziness, insomnia, cough, dyspnea, rash, hypotension, hypertension, leukocytosis, lymphopenia, tachycardia, edema, cytokine storm, decreased immunoglobulins, increased blood bilirubin, increased gamma-glutamyl-transferase, increased liver enzymes, tumor lysis syndrome, hypoalbuminemia, encephalopathy, paresthesia, aphasia, convulsion, memory impairment, cognitive disorder, speech disorder, confusion, disorientation, capillary leak syndrome, hypersensitivity, bronchospasm."
19,STENDRA,adverse reactions,"Headache, death, Flushing, Nasal congestion, Nasopharyngitis, Back pain, Upper respiratory infection (URI), Bronchitis, Influenza, Sinusitis, Sinus congestion, Hypertension, Dyspepsia, Nausea, Constipation, Rash, Dizziness, Arthralgia, Diarrhea, Edema peripheral, Fatigue, Angina, Unstable angina, Deep vein thrombosis, Palpitations, Gastritis, Gastroesophageal reflux disease, Hypoglycemia, Blood glucose increased, Alanine aminotransferase increased, Oropharyngeal pain, Stomach discomfort, Vomiting, Muscle spasms, Musculoskeletal pain, Myalgia, Pain in extremity, Depression, Insomnia, Somnolence, Vertigo, Cough, Dyspnea exertional, Epistaxis, Wheezing, Pruritus, Balanitis, Erection increased, Hematuria, Nephrolithiasis, Pollakiuria, Urinary tract infection, Electrocardiogram abnormal, Non-arteritic anterior ischemic optic neuropathy (NAION)"
20,XIAFLEX,adverse reactions,"Tendon ruptures, serious injury, flexor tendon rupture, corporal rupture, penile fracture, severe penile hematoma, penile ecchymoses, sudden penile detumescence, penile ""popping"" sound or sensation, edema peripheral, swelling of the injected hand, contusion, injection site hemorrhage, injection site reaction, pain in the injected extremity, penile swelling, penile pain, penile hematoma, penile ecchymoses, blood blister, axillary pain, ecchymosis, pruritus, lymphadenopathy, skin laceration, lymph node pain, erythema, vasovagal syncope, penile ""popping"" sounds or sensations, death."
21,XEOMIN,adverse reactions,"Hypersensitivity, Dysphagia, Breathing Difficulties, Spread of Effects from Toxin, Neck pain, Muscle weakness, Injection site pain, Musculoskeletal pain, Eyelid ptosis, Dry eye, Dry mouth, Diarrhea, Headache, Visual impairment, Dyspnea, Nasopharyngitis, Respiratory tract infection, Death"
22,GILOTRIF,adverse reactions,"Diarrhea, Bullous skin disorders, Exfoliative skin disorders, Interstitial lung disease, Hepatic toxicity, Keratitis, Rash, Dermatitis acneiform, Stomatitis, Paronychia, Dry skin, Decreased appetite, Nausea, Vomiting, Pruritus, Death, Dyspnea, Fatigue, Hypokalemia, Pulmonary toxicity, ILD-like adverse reactions, Sepsis, Pneumonia, Rash/acne, ILD, Ventricular dysfunction, Diastolic dysfunction, Left ventricular dysfunction, Ventricular dilation, Stomatitis, Aphthous stomatitis, Mucosal inflammation, Mouth ulceration, Oral mucosa erosion, Mucosal erosion, Mucosal ulceration, Cheilitis, Paronychia, Nail infection, Nail bed infection, Cystitis, Epistaxis, Rhinorrhea, Weight decreased, Pyrexia, Conjunctivitis, Alanine aminotransferase increased, Hypokalemia, Aspartate aminotransferase increased, Pancreatitis"
23,TREANDA,adverse reactions,"Myelosuppression, Infections, Anaphylaxis, Infusion Reactions, Tumor Lysis Syndrome, Skin Reactions, Other Malignancies, Extravasation injury, pyrexia, nausea, vomiting, fatigue, diarrhea, constipation, anorexia, cough, headache, weight decreased, dyspnea, rash, stomatitis, lymphopenia, anemia, leukopenia, thrombocytopenia, neutropenia, hypertension, hypersensitivity, bilirubin elevations, AST, ALT, creatinine levels, death, febrile neutropenia, pneumonia, hypokalemia, dehydration, tachycardia, abdominal pain, dyspepsia, gastroesophageal reflux disease, dry mouth, abdominal distension, chills, edema peripheral, chest pain, infusion site pain, pain, catheter site pain, herpes zoster, upper respiratory tract infection, urinary tract infection, sinusitis, oral candidiasis, nasopharyngitis, weight decreased, anorexia, decreased appetite, hyperuricemia, back pain, arthralgia, pain in extremity, bone pain, headache, dizziness, dysgeusia, insomnia, anxiety, depression, pharyngolaryngeal pain, wheezing, nasal congestion, dry skin, night sweats, hyperhidrosis, hypotension, hyperglycemia, hyponatremia, hypocalcemia, acute renal failure, cardiac failure, pulmonary fibrosis, myelodysplastic syndrome, hemolysis, taste disorder, atypical pneumonia, sepsis, herpes zoster, erythema, dermatitis, skin necrosis, SJS, TEN, phlebitis, pruritus, irritation, pain, swelling, pneumocystis jiroveci pneumonia, pneumonitis, death."
24,CHOLINE,adverse reactions,"injection site reaction, death"
25,ERWINAZE,adverse reactions,"Hypersensitivity reactions, death, pancreatitis, glucose intolerance, thrombosis, hemorrhage, systemic hypersensitivity, hyperglycemia, transaminases abnormal, fever, local reactions, vomiting, nausea, hyperbilirubinemia, abdominal pain/discomfort, diarrhea"
26,TRULICITY,adverse reactions,"Thyroid C-cell Tumors, Pancreatitis, Hypoglycemia, Insulin Secretagogues, Insulin, Hypersensitivity reactions, Renal impairment, Severe Gastrointestinal Disease, nausea, diarrhea, vomiting, abdominal pain, decreased appetite, death, constipation, flatulence, abdominal distension, gastroesophageal reflux disease, eructation, hypoglycemia, heart rate increase, tachycardia, sinus tachycardia, immunogenicity, anti-drug antibodies, dulaglutide, GLP-1, hypersensitivity, systemic hypersensitivity, urticaria, systemic rash, facial edema, lip swelling, injection-site reactions, PR interval prolongation, first degree AV block, amylase increase, lipase increase."
27,ADREVIEW,adverse reactions,"Serious hypersensitivity reactions, Dizziness, Rash, Pruritis, Flushing, Headache, Injection site hemorrhage, Death."
28,DOTAREM,adverse reactions,"NSF (Nephrogenic Systemic Fibrosis), Hypersensitivity reactions, Acute kidney injury, Nausea, Headache, Injection site pain, Injection site coldness, Burning sensation, Death (from cardiac arrest, respiratory arrest, cyanosis, pharyngeal edema, laryngospasm, bronchospasm, angioedema, conjunctivitis, ocular hyperemia, eyelid edema, lacrimation increased, hyperhidrosis, urticaria), Bradycardia, Tachycardia, Arrhythmia, Coma, Convulsion, Syncope, Presyncope, Parosmia, Tremor, Muscle contracture, Muscle weakness, Diarrhea, Salivary hypersecretion, Malaise, Fever, NSF (Nephrogenic Systemic Fibrosis), Superficial phlebitis."
29,PRADAXA,adverse reactions,"bleeding, gastrointestinal events, dyspepsia, nausea, upper abdominal pain, gastrointestinal hemorrhage, diarrhea, fatal bleeding, intracranial hemorrhage, hemorrhagic stroke, other intracranial bleeding, gastrointestinal ulcer, gastritis, GERD, esophagitis, erosive gastritis, gastric hemorrhage, hemorrhagic gastritis, hemorrhagic erosive gastritis, hypersensitivity reactions, urticaria, rash, pruritus, allergic edema, anaphylactic reaction, anaphylactic shock, angioedema, thrombocytopenia, esophageal ulcer, death"
30,ELIQUIS,adverse reactions,"Thrombotic events, Bleeding, Spinal/epidural anesthesia or puncture, death, Major bleeding, Intracranial bleed, Hemorrhagic stroke, Gastrointestinal bleed, Fatal bleeding, Intracranial bleeding, Non-intracranial bleeding, Hypersensitivity reactions, Drug hypersensitivity, Skin rash, Anaphylactic reactions, Allergic edema, Syncope, Major bleeding events, Hemoglobin decrease, Transfusion of packed red blood cells, Bleeding at critical site, Intracranial bleeding, Non-intracranial bleeding, Major bleeding events, Intracranial, Intraspinal, Intraocular bleeding, Pericardial bleeding, Intra-articular bleeding, Intramuscular bleeding with compartment syndrome, Retroperitoneal bleeding, Fatal outcome, Major bleeding, Intracranial bleed, Hemorrhagic stroke, Other intracranial bleeding, Gastrointestinal bleeding, Fatal outcome, Intracranial bleeding, Non-intracranial bleeding, Major bleeding, Fatal outcome, Intracranial bleeding, Non-intracranial bleeding, Major bleeding, Surgical site bleeding, Hemoglobin decrease, Transfusion of packed red blood cells, Bleeding at critical site, Major bleeding, Surgical site bleeding, Hemoglobin decrease, Transfusion of packed red blood cells, Bleeding at critical site, Major bleeding, Surgical site bleeding, Hemoglobin decrease, Transfusion of packed red blood cells, Bleeding at critical site, Major bleeding, Surgical site bleeding, Hemoglobin decrease, Transfusion of packed red blood cells, Bleeding at critical site, Major bleeding, Surgical site bleeding, Hemoglobin decrease, Transfusion of packed red blood cells, Bleeding at critical site, Major bleeding, Surgical site bleeding, Hemoglobin decrease, Transfusion of packed red blood cells, Bleeding at critical site, Major bleeding, Surgical site bleeding, Hemoglobin decrease, Transfusion of packed red blood cells, Bleeding at critical site, Major bleeding, Surgical site bleeding, Hemoglobin decrease, Transfusion of packed red blood cells, Bleeding at critical site, Major bleeding, Surgical site bleeding, Hemoglobin decrease, Transfusion of packed red blood cells, Bleeding at critical site, Major bleeding, Surgical site bleeding, Hemoglobin decrease, Transfusion of packed red blood cells, Bleeding at critical site, Major bleeding, Surgical site bleeding, Hemoglobin decrease, Transfusion of packed red blood cells, Bleeding at critical site, Major bleeding, Surgical site bleeding, Hemoglobin decrease, Transfusion of packed red blood cells, Bleeding at critical site, Major bleeding, Surgical site bleeding, Hemoglobin decrease, Transfusion of packed red blood cells, Bleeding at critical site, Major bleeding, Surgical site bleeding, Hemoglobin decrease, Transfusion of packed red blood cells, Bleeding at critical site, Major bleeding, Surgical site bleeding, Hemoglobin decrease, Transfusion of packed red blood cells, Bleeding at critical site, Major bleeding, Surgical site bleeding, Hemoglobin decrease, Transfusion of packed red blood cells, Bleeding at critical site, Major bleeding, Surgical site bleeding, Hemoglobin decrease, Transfusion of packed red blood cells, Bleeding at critical site, Major bleeding, Surgical site bleeding, Hemoglobin decrease, Transfusion of packed red blood cells, Bleeding at critical site, Major bleeding, Surgical site bleeding, Hemoglobin decrease, Transfusion of packed red blood cells, Bleeding at critical site, Major bleeding, Surgical site bleeding, Hemoglobin decrease, Transfusion of packed red blood cells, Bleeding at critical site, Major bleeding, Surgical site bleeding, Hemoglobin decrease, Transfusion of packed red blood cells, Bleeding at critical site, Major bleeding, Surgical site bleeding, Hemoglobin decrease, Transfusion of packed red blood cells, Bleeding at critical site, Major bleeding, Surgical site bleeding, Hemoglobin decrease, Transfusion of packed red blood cells, Bleeding at critical site, Major bleeding, Surgical site bleeding, Hemoglobin decrease, Transfusion of packed red blood cells, Bleeding at critical site, Major bleeding, Surgical site bleeding, Hemoglobin decrease, Transfusion of packed red blood cells, Bleeding at critical site, Major bleeding, Surgical site bleeding, Hemoglobin decrease, Transfusion of packed red blood cells, Bleeding at critical site, Major bleeding, Surgical site bleeding, Hemoglobin decrease, Transfusion of packed red blood cells, Bleeding at critical site, Major bleeding, Surgical site bleeding, Hemoglobin decrease, Transfusion of packed red blood cells, Bleeding at critical site, Major bleeding, Surgical site bleeding, Hemoglobin decrease, Transfusion of packed red blood cells, Bleeding at critical site, Major bleeding, Surgical site bleeding, Hemoglobin decrease, Transfusion of packed red blood cells, Bleeding at critical site, Major bleeding, Surgical site bleeding, Hemoglobin decrease, Transfusion of packed red blood cells, Bleeding at critical site, Major bleeding, Surgical site bleeding, Hemoglobin decrease, Transfusion of packed red blood cells, Bleeding at critical site, Major bleeding, Surgical site bleeding, Hemoglobin decrease, Transfusion of packed red blood cells, Bleeding at critical site, Major bleeding, Surgical site bleeding, Hemoglobin decrease, Transfusion of packed red blood cells, Bleeding at critical site, Major bleeding, Surgical site bleeding, Hemoglobin decrease, Transfusion of packed red blood cells, Bleeding at critical site, Major bleeding, Surgical site bleeding, Hemoglobin decrease, Transfusion of packed red blood cells, Bleeding at critical site, Major bleeding, Surgical site bleeding, Hemoglobin decrease, Transfusion of packed red blood cells, Bleeding at critical site, Major bleeding, Surgical site bleeding, Hemoglobin decrease, Transfusion of packed red blood cells, Bleeding at critical site, Major bleeding, Surgical site bleeding, Hemoglobin decrease, Transfusion of packed red blood cells, Bleeding at critical site, Major bleeding, Surgical site bleeding, Hemoglobin decrease, Transfusion of packed red blood cells, Bleeding at critical site, Major bleeding, Surgical site bleeding, Hemoglobin decrease, Transfusion of packed red blood cells, Bleeding at critical site, Major bleeding, Surgical site bleeding, Hemoglobin decrease, Transfusion of packed red blood cells, Bleeding at critical site, Major bleeding, Surgical site bleeding, Hemoglobin decrease, Transfusion of packed red blood cells, Bleeding at critical site, Major bleeding, Surgical site bleeding, Hemoglobin decrease, Transfusion of packed red blood cells, Bleeding at critical site, Major bleeding, Surgical site bleeding, Hemoglobin decrease, Transfusion of packed red blood cells, Bleeding at critical site, Major bleeding, Surgical site bleeding, Hemoglobin decrease, Transfusion of packed red blood cells, Bleeding at critical site, Major bleeding, Surgical site bleeding, Hemoglobin decrease, Transfusion of packed red blood cells, Bleeding at critical site, Major bleeding, Surgical site bleeding, Hemoglobin decrease, Transfusion of packed red blood cells, Bleeding at critical site, Major bleeding, Surgical site bleeding, Hemoglobin decrease, Transfusion of packed red blood cells, Bleeding at critical site, Major bleeding, Surgical site bleeding, Hemoglobin decrease, Transfusion of packed red blood cells, Bleeding at critical site, Major bleeding, Surgical site bleeding, Hemoglobin decrease, Transfusion of packed red blood cells, Bleeding at critical site, Major bleeding, Surgical site bleeding, Hemoglobin decrease, Transfusion of packed red blood cells, Bleeding at critical site, Major bleeding, Surgical site bleeding, Hemoglobin decrease, Transfusion of packed red blood cells, Bleeding at critical site, Major bleeding, Surgical site bleeding, Hemoglobin decrease, Transfusion of packed red blood cells, Bleeding at critical site, Major bleeding, Surgical site bleeding, Hemoglobin decrease, Transfusion of packed red blood cells, Bleeding at critical site, Major bleeding, Surgical site bleeding, Hemoglobin decrease, Transfusion of packed red blood cells, Bleeding at critical site, Major bleeding, Surgical site bleeding, Hemoglobin decrease, Transfusion of packed red blood cells, Bleeding at critical site, Major bleeding, Surgical site bleeding, Hemoglobin decrease, Transfusion of packed red blood cells, Bleeding at critical site, Major bleeding, Surgical site bleeding, Hemoglobin decrease, Transfusion of packed red blood cells, Bleeding at critical site, Major bleeding, Surgical site bleeding, Hemoglobin decrease, Transfusion of packed red blood cells, Bleeding at critical site, Major bleeding, Surgical site bleeding, Hemoglobin decrease, Transfusion of packed red blood cells, Bleeding at critical site, Major bleeding, Surgical site bleeding, Hemoglobin decrease, Transfusion of packed red blood cells, Bleeding at critical site, Major bleeding, Surgical site bleeding, Hemoglobin decrease, Transfusion of packed red blood cells, Bleeding at critical site, Major bleeding, Surgical site bleeding, Hemoglobin decrease, Transfusion of packed red blood cells, Bleeding at critical site, Major bleeding, Surgical site bleeding, Hemoglobin decrease, Transfusion of packed red blood cells, Bleeding at critical site, Major bleeding, Surgical site bleeding, Hemoglobin decrease, Transfusion of packed red blood cells, Bleeding at critical site, Major bleeding, Surgical site bleeding, Hemoglobin decrease, Transfusion of packed red blood cells, Bleeding at critical site, Major bleeding, Surgical site bleeding, Hemoglobin decrease, Transfusion of packed red blood cells, Bleeding at critical site, Major bleeding, Surgical site bleeding, Hemoglobin decrease, Transfusion of packed red blood cells, Bleeding at critical site, Major bleeding, Surgical site bleeding, Hemoglobin decrease, Transfusion of packed red blood cells, Bleeding at critical site, Major bleeding, Surgical site bleeding, Hemoglobin decrease, Transfusion of packed red blood cells, Bleeding at critical site, Major bleeding, Surgical site bleeding, Hemoglobin decrease, Transfusion of packed red blood cells, Bleeding at critical site, Major bleeding, Surgical site bleeding, Hemoglobin decrease, Transfusion of packed red blood cells, Bleeding at critical site, Major bleeding, Surgical site bleeding, Hemoglobin decrease, Transfusion of packed red blood cells, Bleeding at critical site, Major bleeding, Surgical site bleeding, Hemoglobin decrease, Transfusion of packed red blood cells, Bleeding at critical site, Major bleeding, Surgical site bleeding, Hemoglobin decrease, Transfusion of packed red blood cells, Bleeding at critical site, Major bleeding, Surgical site bleeding, Hemoglobin decrease, Transfusion of packed red blood cells, Bleeding at critical site, Major bleeding, Surgical site bleeding, Hemoglobin decrease, Transfusion of packed red blood cells, Bleeding at critical site, Major bleeding, Surgical site bleeding, Hemoglobin decrease, Transfusion of packed red blood cells, Bleeding at critical site, Major bleeding, Surgical site bleeding, Hemoglobin decrease, Transfusion of packed red blood cells, Bleeding at critical site, Major bleeding, Surgical site bleeding, Hemoglobin decrease, Transfusion of packed red blood cells, Bleeding at critical site, Major bleeding, Surgical site bleeding, Hemoglobin decrease, Transfusion of packed red blood cells, Bleeding at critical site, Major bleeding, Surgical site bleeding, Hemoglobin decrease, Transfusion of packed red blood cells, Bleeding at critical site, Major bleeding, Surgical site bleeding, Hemoglobin decrease, Transfusion of packed red blood cells, Bleeding at critical site, Major bleeding, Surgical site bleeding, Hemoglobin decrease, Transfusion of packed red blood cells, Bleeding at critical site, Major bleeding, Surgical site bleeding, Hemoglobin decrease, Transfusion of packed red blood cells, Bleeding at critical site, Major bleeding, Surgical site bleeding, Hemoglobin decrease, Transfusion of packed red blood cells, Bleeding at critical site, Major bleeding, Surgical site bleeding, Hemoglobin decrease, Transfusion of packed red blood cells, Bleeding at critical site, Major bleeding, Surgical site bleeding, Hemoglobin decrease, Transfusion of packed red blood cells, Bleeding at critical site, Major bleeding, Surgical site bleeding, Hemoglobin decrease, Transfusion of packed red blood cells, Bleeding at critical site, Major bleeding, Surgical site bleeding, Hemoglobin decrease, Transfusion of packed red blood cells, Bleeding at critical site, Major bleeding, Surgical site bleeding, Hemoglobin decrease, Transfusion of packed red blood cells, Bleeding at critical site, Major bleeding, Surgical site bleeding, Hemoglobin decrease, Transfusion of packed red blood cells, Bleeding at critical site, Major bleeding, Surgical site bleeding, Hemoglobin decrease, Transfusion of packed red blood cells, Bleeding at critical site, Major bleeding, Surgical site bleeding, Hemoglobin decrease, Transfusion of packed red blood cells, Bleeding at critical site, Major bleeding, Surgical site bleeding, Hemoglobin decrease, Transfusion of packed red blood cells, Bleeding at critical site, Major bleeding, Surgical site bleeding, Hemoglobin decrease, Transfusion of packed red blood cells, Bleeding at critical site, Major bleeding, Surgical site bleeding, Hemoglobin decrease, Transfusion of packed red blood cells, Bleeding at critical site, Major bleeding, Surgical site bleeding, Hemoglobin decrease, Transfusion of packed red blood cells, Bleeding at critical site, Major bleeding, Surgical site bleeding, Hemoglobin decrease, Transfusion of packed red blood cells, Bleeding at critical site, Major bleeding, Surgical site bleeding, Hemoglobin decrease, Transfusion of packed red blood cells, Bleeding at critical site, Major bleeding, Surgical site bleeding, Hemoglobin decrease, Transfusion of packed red blood cells, Bleeding at critical site, Major bleeding, Surgical site bleeding, Hemoglobin decrease, Transfusion of packed red blood cells, Bleeding at critical site, Major bleeding, Surgical site bleeding, Hemoglobin decrease, Transfusion of packed red blood cells, Bleeding at critical site, Major bleeding, Surgical site bleeding, Hemoglobin decrease, Transfusion of packed red blood cells, Bleeding at critical site, Major bleeding, Surgical site bleeding, Hemoglobin decrease, Transfusion of packed red blood cells, Bleeding at critical site, Major bleeding, Surgical site bleeding, Hemoglobin decrease, Transfusion of packed red blood cells, Bleeding at critical site, Major bleeding, Surgical site bleeding, Hemoglobin decrease, Transfusion of packed red blood cells, Bleeding at critical site, Major bleeding, Surgical site bleeding, Hemoglobin decrease, Transfusion of packed red blood cells, Bleeding at critical site, Major bleeding, Surgical site bleeding, Hemoglobin decrease, Transfusion of packed red blood cells, Bleeding at critical site, Major bleeding, Surgical site bleeding, Hemoglobin decrease, Transfusion of packed red blood cells, Bleeding at critical site, Major bleeding, Surgical site bleeding, Hemoglobin decrease, Transfusion of packed red blood cells, Bleeding at critical site, Major bleeding, Surgical site bleeding, Hemoglobin decrease, Transfusion of packed red blood cells, Bleeding at critical site, Major bleeding, Surgical site bleeding, Hemoglobin decrease, Transfusion of packed red blood cells, Bleeding at critical site, Major bleeding, Surgical site bleeding, Hemoglobin decrease, Transfusion of packed red blood cells, Bleeding at critical site, Major bleeding, Surgical site bleeding, Hemoglobin decrease, Transfusion of packed red blood cells, Bleeding at critical site, Major bleeding, Surgical site bleeding, Hemoglobin decrease, Transfusion of packed red blood cells, Bleeding at critical site, Major bleeding, Surgical site bleeding, Hemoglobin decrease, Transfusion of packed red blood cells, Bleeding at critical site, Major bleeding, Surgical site bleeding, Hemoglobin decrease, Transfusion of packed red blood cells, Bleeding at critical site, Major bleeding, Surgical site bleeding, Hemoglobin decrease, Transfusion of packed red blood cells, Bleeding at critical site, Major bleeding, Surgical site bleeding, Hemoglobin decrease, Transfusion of packed red blood cells, Bleeding at critical site, Major bleeding, Surgical site bleeding, Hemoglobin decrease, Transfusion of packed red blood cells, Bleeding at critical site, Major bleeding, Surgical site bleeding, Hemoglobin decrease, Transfusion of packed red blood cells, Bleeding at critical site, Major bleeding, Surgical site bleeding, Hemoglobin decrease, Transfusion of packed red blood cells, Bleeding at critical site, Major bleeding, Surgical site bleeding, Hemoglobin decrease, Transfusion of packed red blood cells, Bleeding at critical site, Major bleeding, Surgical site bleeding, Hemoglobin decrease, Transfusion of packed red blood cells, Bleeding at critical site, Major bleeding, Surgical site bleeding, Hemoglobin decrease, Transfusion of packed red blood cells, Bleeding at critical site, Major bleeding, Surgical site bleeding, Hemoglobin decrease, Transfusion of packed red blood cells, Bleeding at critical site, Major bleeding, Surgical site bleeding, Hemoglobin decrease, Transfusion of packed red blood cells, Bleeding at critical site, Major bleeding, Surgical site bleeding, Hemoglobin decrease, Transfusion of packed red blood cells, Bleeding at critical site, Major bleeding, Surgical site bleeding, Hemoglobin decrease, Transfusion of packed red blood cells, Bleeding at critical site, Major bleeding, Surgical site bleeding, Hemoglobin decrease, Transfusion of packed red blood cells, Bleeding at critical site, Major bleeding, Surgical site bleeding, Hemoglobin decrease, Transfusion of packed red blood cells, Bleeding at critical site, Major bleeding, Surgical site bleeding, Hemoglobin decrease, Transfusion of packed red blood cells, Bleeding at critical site, Major bleeding, Surgical site bleeding, Hemoglobin decrease, Transfusion of packed red blood cells, Bleeding at critical site, Major bleeding, Surgical site bleeding, Hemoglobin decrease, Transfusion of packed red blood cells, Bleeding at critical site, Major bleeding, Surgical site bleeding, Hemoglobin decrease, Transfusion of packed red blood cells, Bleeding at critical site, Major bleeding, Surgical site bleeding, Hemoglobin decrease, Transfusion of packed red blood cells, Bleeding at critical site, Major bleeding, Surgical site bleeding, Hemoglobin decrease, Transfusion of packed red blood cells, Bleeding at critical site, Major bleeding, Surgical site bleeding, Hemoglobin decrease, Transfusion of packed red blood cells, Bleeding at critical site, Major bleeding, Surgical site bleeding, Hemoglobin decrease, Transfusion of packed red blood cells, Bleeding at critical site, Major bleeding, Surgical site bleeding, Hemoglobin decrease, Transfusion of packed red blood cells, Bleeding at critical site, Major bleeding, Surgical site bleeding, Hemoglobin decrease, Transfusion of packed red blood cells, Bleeding at critical site, Major bleeding, Surgical site bleeding, Hemoglobin decrease, Transfusion of packed red blood cells, Bleeding at critical site, Major bleeding, Surgical site bleeding, Hemoglobin decrease, Transfusion of packed red blood cells, Bleeding at critical site, Major bleeding, Surgical site bleeding, Hemoglobin decrease, Transfusion of packed red blood cells, Bleeding at critical site, Major bleeding, Surgical site bleeding, Hemoglobin decrease, Transfusion of packed red blood cells, Bleeding at critical site, Major bleeding, Surgical site bleeding, Hemoglobin decrease, Transfusion of packed red blood cells, Bleeding at critical site, Major bleeding, Surgical site bleeding, Hemoglobin decrease, Transfusion of packed red blood cells, Bleeding at critical site, Major bleeding, Surgical site bleeding, Hemoglobin decrease, Transfusion of packed red blood cells, Bleeding at critical site, Major bleeding, Surgical site bleeding, Hemoglobin decrease, Transfusion of packed red blood cells, Bleeding at critical site, Major bleeding, Surgical site bleeding, Hemoglobin decrease, Transfusion of packed red blood cells, Bleeding at critical site, Major bleeding, Surgical site bleeding, Hemoglobin decrease, Transfusion of packed red blood cells, Bleeding at critical site, Major bleeding, Surgical site bleeding, Hemoglobin decrease, Transfusion of packed red blood cells, Bleeding at critical site, Major bleeding, Surgical site bleeding, Hemoglobin decrease, Transfusion of packed red"
31,ZERBAXA,adverse reactions,"Hypersensitivity reactions, Clostridium difficile-associated diarrhea, nausea, diarrhea, headache, pyrexia, constipation, insomnia, vomiting, hypokalemia, ALT increased, AST increased, anemia, thrombocytosis, abdominal pain, anxiety, dizziness, hypotension, atrial fibrillation, rash, tachycardia, angina pectoris, ileus, gastritis, abdominal distension, dyspepsia, flatulence, ileus paralytic, infusion site reactions, candidiasis, oropharyngeal, fungal urinary tract infection, increased serum gamma-glutamyl transpeptidase (GGT), increased serum alkaline phosphatase, positive Coombs test, hyperglycemia, hypomagnesemia, hypophosphatemia, ischemic stroke, renal impairment, renal failure, dyspnea, urticaria, venous thrombosis, death."
32,FERRIPROX,adverse reactions,"Chromaturia, reddish discoloration of urine, Nausea, Vomiting, Abdominal pain/discomfort, Alanine aminotransferase increased, Arthralgia, Neutropenia, Agranulocytosis, Decreased plasma zinc concentrations, Diarrhea, Dyspepsia, Neutrophil count decreased, Weight increased, Aspartate aminotransferase increased, Increased appetite, Decreased appetite, Back pain, Pain in extremity, Arthropathy, Headache, Thrombocytosis, Pancytopenia, Atrial fibrillation, Cardiac failure, Hypospadias, Diplopia, Papilledema, Retinal toxicity, Enterocolitis, Rectal hemorrhage, Gastric ulcer, Pancreatitis, Parotid gland enlargement, Chills, Pyrexia, Edema peripheral, Multi-organ failure, Jaundice, Hepatomegaly, Anaphylactic shock, Hypersensitivity, Cryptococcal cutaneous infection, Enteroviral encephalitis, Pharyngitis, Pneumonia, Sepsis, Furuncle, Infectious hepatitis, Rash pustular, Subcutaneous abscess, Blood bilirubin increased, Blood creatinine phosphokinase increased, Metabolic acidosis, Dehydration, Myositis, Chondropathy, Trismus, Cerebellar syndrome, Cerebral hemorrhage, Convulsion, Gait disturbance, Intracranial pressure increased, Psychomotor skills impaired, Pyramidal tract syndrome, Somnolence, Bruxism, Depression, Obsessive-compulsive disorder, Glycosuria, Hemoglobinuria, Acute respiratory distress syndrome, Epistaxis, Hemoptysis, Pulmonary embolism, Hyperhidrosis, Periorbital edema, Photosensitivity reaction, Pruritis, Urticaria, Rash, Henoch-Schonlein purpura, Hypotension, Hypertension, Death"
33,DALVANCE,adverse reactions,"nausea, headache, diarrhea, vomiting, rash, pruritus, anemia, hemorrhagic anemia, leucopenia, neutropenia, thrombocytopenia, petechiae, eosinophilia, thrombocytosis, gastrointestinal hemorrhage, melena, hematochezia, abdominal pain, infusion-related reactions, hepatotoxicity, anaphylactoid reaction, Clostridium difficile colitis, oral candidiasis, vulvovaginal mycotic infection, hepatic transaminases increased, blood alkaline phosphatase increased, international normalized ratio increased, hypoglycemia, dizziness, bronchospasm, urticaria, flushing, phlebitis, wound hemorrhage, spontaneous hematoma, death."
34,ARCAPTA,adverse reactions,"asthma-related death, death, cough, oropharyngeal pain, nasopharyngitis, headache, nausea, COPD exacerbation, pneumonia, angina pectoris, atrial fibrillation, muscle spasm, musculoskeletal pain, edema peripheral, diabetes mellitus, hyperglycemia, sinusitis, upper respiratory tract infection, hypersensitivity reactions, paradoxical bronchospasm, tachycardia/heart rate increase/palpitations, pruritus/rash, dizziness"
35,CERDELGA,adverse reactions,"Fatigue, headache, nausea, diarrhea, back pain, pain in extremities, upper abdominal pain, arthralgia, migraine, flatulence, oropharyngeal pain, dizziness, asthenia, cough, dyspepsia, gastroesophageal reflux disease, constipation, palpitations, rash"
36,GADAVIST,adverse reactions,"Nephrogenic Systemic Fibrosis, death, Hypersensitivity reactions, anaphylactic shock, circulatory collapse, respiratory arrest, pulmonary edema, bronchospasm, cyanosis, oropharyngeal swelling, laryngeal edema, blood pressure increased, chest pain, angioedema, conjunctivitis, hyperhidrosis, cough, sneezing, burning sensation, pallor, headache, nausea, dizziness, dysgeusia, feeling hot, injection site reactions, vomiting, rash, pruritus, erythema, dyspnea, paresthesia, loss of consciousness, convulsion, parosmia, tachycardia, palpitation, dry mouth, malaise, feeling cold, cardiac arrest."
37,ZYKADIA,adverse reactions,"Severe or Persistent Gastrointestinal Toxicity, Hepatotoxicity, Interstitial Lung Disease, Pneumonitis, QT Interval Prolongation, Hyperglycemia, Bradycardia, Pancreatitis, Diarrhea, Nausea, Elevated transaminases, Vomiting, Abdominal pain, Fatigue, Decreased appetite, Constipation, Convulsion, Pneumonia, Dyspnea, Dehydration, Pneumothorax, Gastric hemorrhage, General physical health deterioration, Pulmonary tuberculosis, Cardiac tamponade, Sepsis, Rash, Neuropathy, Vision disorder, Prolonged QT interval, Hemoglobin decreased, Alanine transaminase (ALT) increased, Aspartate transaminase (AST) increased, Creatinine increased, Glucose increased, Phosphate decreased, Lipase increased, Bilirubin (total) increased, Death"
38,XALKORI,adverse reactions,"Hepatotoxicity, Interstitial Lung Disease/Pneumonitis, QT Interval Prolongation, Bradycardia, Severe Visual Loss, death, vision disorders, diarrhea, nausea, vomiting, constipation, edema, elevated transaminases, upper respiratory infection, decreased appetite, dysgeusia, dyspnea, pulmonary embolism, septic shock, acute respiratory failure, diabetic ketoacidosis, ILD (Interstitial Lung Disease), renal cyst, neuropathy, gait disturbance, hypoaesthesia, muscular weakness, neuralgia, neuropathy peripheral, paraesthesia, peripheral sensory neuropathy, polyneuropathy, sensory disturbance, rash, syncope, weight increased, pain in extremity, muscle spasm, dizziness, headache, weight decreased, ALT elevation, AST elevation, hypophosphatemia, neutropenia, lymphopenia, hypokalemia, hypophosphatemia, hepatic failure, visual impairment, photopsia, blurred vision, vitreous floaters."
39,BEPREVE,adverse reactions,"Mild taste following instillation, Eye irritation, Headache, Nasopharyngitis, Hypersensitivity reactions, Itching, Body rash, Swelling of lips, Swelling of tongue, Swelling of throat"
40,EDARBI,adverse reactions,"Diarrhea, death, Hypotension/orthostatic hypotension, Nausea, Asthenia, fatigue, Muscle spasm, Dizziness, dizziness postural, Cough, Rash, Pruritus, Angioedema"
41,POTIGA,adverse reactions,"Retinal abnormalities, potential vision loss, urinary retention, skin discoloration, neuropsychiatric symptoms, dizziness, somnolence, QT interval effect, suicidal behavior, ideation, withdrawal seizures, death, fatigue, confusional state, vertigo, tremor, abnormal coordination, diplopia, disturbance in attention, memory impairment, asthenia, blurred vision, gait disturbance, aphasia, dysarthria, balance disorder, nausea, constipation, dyspepsia, influenza, weight increased, dizziness, somnolence, memory impairment, tremor, vertigo, abnormal coordination, disturbance in attention, gait disturbance, aphasia, dysarthria, balance disorder, paresthesia, amnesia, dysphasia, confusional state, anxiety, disorientation, psychotic disorder, dysuria, urinary hesitation, hematuria, chromaturia, increased appetite, hallucinations, myoclonus, peripheral edema, hypokinesia, dry mouth, dysphagia, hyperhidrosis, urinary retention, malaise, increased liver enzymes, rash, nystagmus, dyspnea, leukopenia, muscle spasms, alopecia, nephrolithiasis, syncope, neutropenia, thrombocytopenia, euphoric mood, renal colic, coma, encephalopathy."
42,TUDORZA,adverse reactions,"Paradoxical bronchospasm, Worsening of narrow-angle glaucoma, Worsening of urinary retention, Immediate Hypersensitivity Reactions, headache, nasopharyngitis, cough, diarrhea, sinusitis, rhinitis, toothache, fall, vomiting, diabetes mellitus, dry mouth, 1st degree AV block, osteoarthritis, cardiac failure, cardio-respiratory arrest, anaphylaxis, angioedema, urticaria, rash, itching."
43,PROMACTA,adverse reactions,"Hepatic Decompensation, Hepatotoxicity, Thrombotic/Thromboembolic Complications, Cataracts, Nausea, Diarrhea, Upper respiratory tract infection, Vomiting, Increased ALT, Myalgia, Urinary tract infection, Anemia, Pyrexia, Fatigue, Headache, Decreased appetite, Influenza-like illness, Asthenia, Insomnia, Cough, Pruritus, Chills, Alopecia, Peripheral edema, Hemorrhage, Thrombotic/thromboembolic complications, Oropharyngeal pain, Increased AST, Pharyngitis, Back pain, Paresthesia, Rash, Alopecia, Musculoskeletal pain, Blood alkaline phosphatase increased, Dry mouth, Hyperbilirubinemia, Serum liver test abnormalities, Portal vein thromboses, Abdominal pain, Toothache, Vitamin D deficiency, Febrile neutropenia, Pain in extremity, Dyspnea, Dizziness, Ecchymosis, Muscle spasms, Arthralgia, Rhinorrhea, Transaminases increased, Oropharyngeal pain, Thrombotic microangiopathy with acute renal failure, Death."
44,INLYTA,adverse reactions,"Diarrhea, Hypertension, Fatigue, Decreased appetite, Nausea, Dysphonia, Palmar-plantar erythrodysesthesia syndrome, Weight decreased, Vomiting, Asthenia, Constipation, Hypothyroidism, Cough, Mucosal inflammation, Arthralgia, Stomatitis, Dyspnea, Abdominal pain, Headache, Pain in extremity, Rash, Proteinuria, Dysgeusia, Dry skin, Dyspepsia, Pruritus, Alopecia, Erythema, Dizziness, Upper abdominal pain, Myalgia, Dehydration, Epistaxis, Anemia, Hemorrhoids, Hematuria, Tinnitus, Lipase increased, Glossodynia, Pulmonary embolism, Rectal hemorrhage, Hemoptysis, Deep vein thrombosis, Retinal-vein occlusion/thrombosis, Polycythemia, Transient ischemic attack, Hemoglobin decreased, Lymphocytes (absolute) decreased, Platelets decreased, White blood cells decreased, Creatinine increased, Bicarbonate decreased, Hypocalcemia, ALP increased, Hyperglycemia, Lipase increased, Amylase increased, ALT increased, AST increased, Hypernatremia, Hypoalbuminemia, Hyperkalemia, Hypoglycemia, Hyponatremia, Hypophosphatemia, Hemoglobin increased, Hypercalcemia, death"
45,NORTHERA,adverse reactions,"Supine Hypertension, Hyperpyrexia, Confusion, exacerbate existing ischemic heart disease, arrhythmias, congestive heart failure, Headache, dizziness, nausea, hypertension, fatigue, death, increased blood pressure, falls, urinary tract infections, syncope."
46,JARDIANCE,adverse reactions,"Hypotension, death, Impairment in Renal Function, Hypoglycemia, death, Genital Mycotic Infections, Urinary Tract Infections, Increased Low-Density Lipoprotein Cholesterol (LDL-C), Urinary tract infection, Female genital mycotic infections, Upper respiratory tract infection, Increased urination, Dyslipidemia, Arthralgia, Male genital mycotic infections, Nausea, Volume Depletion, Increased Urination, Impairment in Renal Function, Hypoglycemia, Genital Mycotic Infections, Urinary Tract Infections, Increase in Low-Density Lipoprotein Cholesterol (LDL-C), Increase in Hematocrit."
47,FANAPT,adverse reactions,"dizziness, dry mouth, fatigue, nasal congestion, orthostatic hypotension, somnolence, tachycardia, weight increased, death"
48,TANZEUM,adverse reactions,"Thyroid C-cell Tumors, Acute Pancreatitis, Hypoglycemia, Hypersensitivity Reactions, Renal Impairment, death, Upper respiratory tract infection, Diarrhea, Nausea, Injection site reaction, Cough, Back pain, Arthralgia, Sinusitis, Influenza, vomiting, gastroesophageal reflux disease, dyspepsia, constipation, injection site hematoma, injection site erythema, injection site rash, injection site hypersensitivity, injection site hemorrhage, injection site pruritus, pneumonia, atrial fibrillation, atrial flutter, appendicitis, alanine aminotransferase (ALT) increase, gamma glutamyltransferase (GGT) increase, heart rate increase"
49,EYLEA,adverse reactions,"Endophthalmitis, retinal detachments, increased intraocular pressure, thromboembolic events, conjunctival hemorrhage, eye pain, cataract, vitreous floaters, vitreous detachment, ocular hyperemia, corneal epithelium defect, detachment of the retinal pigment epithelium, injection site pain, foreign body sensation in eyes, lacrimation increased, vision blurred, intraocular inflammation, retinal pigment epithelium tear, eyelid edema, corneal edema, hypersensitivity, retinal tear, death."
50,JEVTANA,adverse reactions,"Bone Marrow Suppression, Hypersensitivity Reactions, Gastrointestinal Adverse Reactions, Renal Failure, Death, Neutropenia, Anemia, Leukopenia, Thrombocytopenia, Diarrhea, Fatigue, Nausea, Vomiting, Constipation, Asthenia, Abdominal Pain, Hematuria, Back Pain, Anorexia, Peripheral Neuropathy, Pyrexia, Dyspnea, Dysgeusia, Cough, Arthralgia, Alopecia, Infections, Infections (fatal), Renal Failure (fatal), Ventricular Fibrillation (fatal), Cerebral Hemorrhage (fatal), Dyspnea (fatal), Arrhythmia, Febrile Neutropenia, Mucosal Inflammation, Urinary Tract Infection, Weight Decreased, Dehydration, Muscle Spasms, Dizziness, Headache, Dysuria, Hypotension, Gastritis, Intestinal Obstruction."
51,YERVOY,adverse reactions,"Immune-mediated enterocolitis, Immune-mediated hepatitis, Immune-mediated dermatitis, Immune-mediated neuropathies, Immune-mediated endocrinopathies, Other immune-mediated adverse reactions, ocular manifestations, fatigue, diarrhea, pruritus, rash, colitis, death, hepatotoxicity, hypopituitarism, adrenal insufficiency, pneumonitis, meningitis, nephritis, eosinophilia, pericarditis, urticaria, large intestinal ulcer, esophagitis, acute respiratory distress syndrome, renal failure, infusion reaction, Drug reaction with eosinophilia and systemic symptoms (DRESS syndrome)"
52,FARXIGA,adverse reactions,"Hypotension, death, Impairment in Renal Function, Hypoglycemia, death, Genital Mycotic Infections, Increases in Low-Density Lipoprotein Cholesterol (LDL-C), Bladder Cancer, Female genital mycotic infections, vulvovaginal mycotic infection, vaginal infection, vulvovaginal candidiasis, vulvovaginitis, genital infection, genital candidiasis, fungal genital infection, vulvitis, genitourinary tract infection, vulval abscess, vaginitis bacterial, Nasopharyngitis, Urinary tract infections, urinary tract infection, cystitis, Escherichia urinary tract infection, genitourinary tract infection, pyelonephritis, trigonitis, urethritis, kidney infection, prostatitis, Back pain, Increased urination, pollakiuria, polyuria, urine output increased, Male genital mycotic infections, balanitis, fungal genital infection, balanitis candida, genital candidiasis, genital infection male, penile infection, balanoposthitis, balanoposthitis infective, genital infection, posthitis, Nausea, Influenza, Dyslipidemia, Constipation, Discomfort with urination, Pain in extremity, Volume Depletion, dehydration, hypovolemia, orthostatic hypotension, Renal-related adverse reactions, renal failure, blood creatinine increase, Bone fractures, Hypersensitivity reactions, angioedema, urticaria, hypersensitivity, Increase in Hematocrit, Increase in Serum Inorganic Phosphorus, Increase in Low-Density Lipoprotein Cholesterol"
53,PICATO,adverse reactions,"local skin reactions, erythema, flaking/scaling, crusting, swelling, vesiculation/pustulation, erosion/ulceration, application site pain, application site pruritus, application site irritation, application site infection, periorbital edema, nasopharyngitis, headache, eyelid edema, eye pain, conjunctivitis"
54,PRISTIQ,adverse reactions,"Hypersensitivity, Suicidal Thoughts, Serotonin Syndrome, Elevated Blood Pressure, Abnormal Bleeding, Angle Closure Glaucoma, Activation of Mania/Hypomania, Discontinuation Syndrome, Seizure, Hyponatremia, Interstitial Lung Disease, Eosinophilic Pneumonia, Nausea, Dizziness, Insomnia, Hyperhidrosis, Constipation, Somnolence, Decreased Appetite, Anxiety, Specific Male Sexual Function Disorders, Death"
55,STRIBILD,adverse reactions,"Lactic Acidosis, Severe Hepatomegaly with Steatosis, death, Severe Acute Exacerbations of Hepatitis B, death, New Onset or Worsening Renal Impairment, Bone Effects, Immune Reconstitution Syndrome, nausea, diarrhea, Ocular icterus, Diarrhea, Flatulence, Nausea, Fatigue, Jaundice, Somnolence, Headache, Dizziness, Insomnia, Abnormal dreams, Rash, suicidal ideation, suicide attempt, depression, abdominal pain, dyspepsia, vomiting, fever, pain, nasopharyngitis, pneumonia, sinusitis, upper respiratory tract infection, arthralgia, back pain, myalgia, paresthesia, peripheral neuropathy, anxiety, increased cough, rhinitis, skin discoloration, hyperpigmentation, laboratory abnormalities, AST elevation, ALT elevation, Amylase elevation, Creatine Kinase elevation, Hematuria, Bone Mineral Density (BMD) decrease, bone fractures, proteinuria, serum creatinine increase, estimated creatinine clearance decrease, ALT elevation, alkaline phosphatase elevation, bilirubin elevation, serum glucose abnormalities, glycosuria, neutrophil abnormalities, fasting cholesterol abnormalities, fasting triglyceride abnormalities, lipid values changes, total cholesterol increase, HDL-cholesterol increase, LDL-cholesterol increase, triglycerides increase, allergic reaction, angioedema, lactic acidosis, hypokalemia, hypophosphatemia, dyspnea, pancreatitis, increased amylase, abdominal pain, hepatic steatosis, hepatitis, increased liver enzymes, rash, rhabdomyolysis, osteomalacia, bone pain, fractures, muscular weakness, myopathy, acute renal failure, renal failure, acute tubular necrosis, Fanconi syndrome, proximal renal tubulopathy, interstitial nephritis, nephrogenic diabetes insipidus, renal insufficiency, increased creatinine, proteinuria, polyuria, asthenia."
56,NULOJIX,adverse reactions,"Post-Transplant Lymphoproliferative Disorder (PTLD), CNS PTLD, Non-CNS PTLD, EBV seropositive, EBV seronegative, CNS involvement, death, Progressive Multifocal Leukoencephalopathy (PML), fatal event, death, Bacterial infections, Mycobacterial infections, Viral infections, Fungal infections, Cryptococcal meningitis, Infusion reactions, Proteinuria, New-Onset Diabetes After Transplantation (NODAT), Hypertension, Dyslipidemia, Anemia, Diarrhea, Urinary tract infection, Peripheral edema, Constipation, Hypertension, Pyrexia, Graft dysfunction, Cough, Nausea, Vomiting, Headache, Hypokalemia, Hyperkalemia, Leukopenia"
57,LUMIZYME,adverse reactions,"anaphylaxis, rash, pyrexia, flushing/feeling hot, urticaria, headache, hyperhidrosis, nausea, cough, decreased oxygen saturation, tachycardia, tachypnea, chest discomfort, dizziness, muscle twitching, agitation, cyanosis, erythema, hypertension/increased blood pressure, pallor, rigors, tremor, vomiting, fatigue, myalgia, death"
58,EOVIST,adverse reactions,"Nephrogenic systemic fibrosis, death, hypersensitivity reactions, anaphylactic shock, hypotension, pharyngolaryngeal edema, urticaria, face edema, rhinitis, conjunctivitis, abdominal pain, hypoesthesia, sneezing, cough, pallor, tachycardia, restlessness, nausea, headache, feeling hot, dizziness, back pain, vomiting, blood pressure increased, injection site reactions (pain, burning, coldness, extravasation, irritation), dysgeusia, paresthesia, flushing, parosmia, pruritus (generalized, eye), rash, respiratory disorders (dyspnea, respiratory distress), fatigue, chest pain, vertigo, dry mouth, chills, feeling abnormal, tremor, akathisia, bundle branch block, palpitation, oral discomfort, salivary hypersecretion, maculopapular rash, hyperhidrosis, discomfort, malaise."
59,BELEODAQ,adverse reactions,"Hematologic Toxicity, Infection, Hepatotoxicity, Tumor Lysis Syndrome, Gastrointestinal Toxicity, nausea, fatigue, pyrexia, anemia, vomiting, constipation, diarrhea, dyspnea, rash, peripheral edema, cough, thrombocytopenia, pruritus, chills, increased blood lactate dehydrogenase, decreased appetite, headache, infusion site pain, hypokalemia, prolonged QT, abdominal pain, hypotension, phlebitis, dizziness, pneumonia, increased creatinine, multi-organ failure, tumor lysis syndrome, death, hepatic failure, ventricular fibrillation, febrile neutropenia."
60,VICTRELIS,adverse reactions,"Fatigue, Anemia, Nausea, Headache, Dysgeusia, Neutropenia, Pancytopenia, Hypersensitivity, Death"
61,VIMIZIM,adverse reactions,"Anaphylaxis, hypersensitivity reactions, pyrexia, vomiting, headache, nausea, abdominal pain, chills, fatigue, death"
62,SIRTURO,adverse reactions,"Increased mortality, QT Prolongation, Hepatotoxicity, Drug Interactions, Nausea, Arthralgia, Headache, Hemoptysis, Chest Pain, Anorexia, Transaminases Increased, Rash, Blood Amylase Increased, Death"
63,NEURACEQ,adverse reactions,"Injection site reaction, Erythema, Irritation, Pain"
64,COMETRIQ,adverse reactions,"Perforations, Fistula, Hemorrhage, Thromboembolic Events, Wound Complications, Hypertension, Osteonecrosis of the Jaw, Palmar-plantar erythrodysesthesia syndrome, Proteinuria, Reversible Posterior Leukoencephalopathy Syndrome, diarrhea, stomatitis, palmar-plantar erythrodysesthesia syndrome, decreased weight, decreased appetite, nausea, fatigue, oral pain, hair color changes, dysgeusia, hypertension, abdominal pain, constipation, increased AST, increased ALT, lymphopenia, increased alkaline phosphatase, hypocalcemia, neutropenia, thrombocytopenia, hypophosphatemia, hyperbilirubinemia, dehydration, arthralgia, muscle spasms, musculoskeletal chest pain, dysphagia, dyspepsia, hemorrhoids, vomiting, dysgeusia, headache, dizziness, paresthesia, peripheral sensory neuropathy, peripheral neuropathy, anxiety, dysphonia, rash, dry skin, alopecia, erythema, hyperkeratosis, hypotension, increased lipase, pancreatitis, tracheal fistula formation, vomiting, increased TSH, malignant hypertension, death."
65,AFINITOR,adverse reactions,"Non-infectious pneumonitis, infections, angioedema, oral ulceration, renal failure, impaired wound healing, death, stomatitis, rash, fatigue, diarrhea, edema, abdominal pain, nausea, fever, asthenia, cough, headache, decreased appetite, hyperglycemia, dyspnea, pneumonitis, hypercholesterolemia, increased aspartate transaminase (AST), anemia, leukopenia, thrombocytopenia, lymphopenia, increased alanine transaminase (ALT), hypertriglyceridemia, lymphopenia, anemia, decreased potassium, thrombocytopenia, renal failure, pulmonary embolism, acute renal failure, acute respiratory distress, cardiac arrest, hepatic failure, pneumonia, sepsis, pulmonary fibrosis, interstitial lung disease, lung infiltration, restrictive pulmonary disease, weight decreased, arthralgia, back pain, pain in extremity, dysgeusia, insomnia, cough, epistaxis, pruritus, alopecia, hot flush, irregular menstruation, alkaline phosphatase increased, glucose increased, bicarbonate decreased, neutropenia, hypophosphatemia, thrombotic events, pleural effusion, pharyngolaryngeal pain, rhinorrhea, hand-foot syndrome, nail disorder, erythema, onychoclasis, skin lesion, acneiform dermatitis, angioedema, exacerbation of pre-existing diabetes mellitus, new onset of diabetes mellitus, dizziness, paresthesia, eyelid edema, conjunctivitis, hypertension, deep vein thrombosis, jaw pain, hemorrhage, cellulitis, cholecystitis, cholelithiasis, arterial thrombotic events, reflex sympathetic dystrophy."
66,BREO,adverse reactions,"asthma-related death, Candida albicans infection, pneumonia in COPD, immunosuppression, hypercorticism, adrenal suppression, reduction in bone mineral density, Nasopharyngitis, upper respiratory tract infection, headache, oral candidiasis, Influenza, bronchitis, sinusitis, oropharyngeal pain, dysphonia, cough, Back pain, pneumonia, Viral respiratory tract infection, pharyngitis, pyrexia, arthralgia, Palpitations, tachycardia, Hypersensitivity reactions (including anaphylaxis, angioedema, rash, urticaria), Muscle spasms, Tremor, Nervousness, Death"
67,FIRAZYR,adverse reactions,"Injection site reactions, death, Pyrexia, Transaminase increase, Dizziness, Rash, Nausea, Headache"
68,INVOKANA,adverse reactions,"Hypotension, death, Impairment in Renal Function, Hyperkalemia, Hypoglycemia, death, Genital Mycotic Infections, Hypersensitivity Reactions, Bone Fracture, Increases in Low-Density Lipoprotein (LDL-C), Female genital mycotic infections, Urinary tract infections, Increased urination, Male genital mycotic infections, Vulvovaginal pruritus, Thirst, Constipation, Nausea, Abdominal pain, Fatigue, Loss of strength or energy (asthenia), Pancreatitis (acute or chronic), Hypersensitivity-related adverse reactions (including erythema, rash, pruritus, urticaria, and angioedema), Photosensitivity-related adverse reactions (including photosensitivity reaction, polymorphic light eruption, and sunburn), Volume Depletion-Related Adverse Reactions (e.g., hypotension, postural dizziness, orthostatic hypotension, syncope, dehydration), Falls, Increases in Serum Potassium, Increases in Serum Magnesium, Increases in Serum Phosphate, Increases in Low-Density Lipoprotein Cholesterol (LDL-C) and non-High-Density Lipoprotein Cholesterol (non-HDL-C), Increases in Hemoglobin, Decreases in Bone Mineral Density"
69,VORAXAZE,adverse reactions,"anaphylactic reactions, paraesthesias, flushing, nausea, vomiting, hypotension, headache, myelosuppression, mucositis, acute hepatitis, renal dysfunction, renal failure, death"
70,NESINA,adverse reactions,"nasopharyngitis, headache, upper respiratory tract infection, pancreatitis, hypersensitivity reactions, hypoglycemia, death, anaphylaxis, angioedema, rash, urticaria, severe cutaneous adverse reactions, Stevens-Johnson syndrome, hepatic enzyme elevations, fulminant hepatic failure, severe and disabling arthralgia, acute pancreatitis"
71,GILENYA,adverse reactions,"Bradyarrhythmia, Atrioventricular Blocks, Infections, Progressive multifocal leukoencephalopathy, Macular Edema, Posterior Reversible Encephalopathy Syndrome, Respiratory Effects, Liver Injury, Headache, liver transaminase elevation, diarrhea, cough, influenza, sinusitis, back pain, abdominal pain, pain in extremity, serum transaminase elevations, basal cell carcinoma, Influenza, Sinusitis, Bronchitis, Herpes zoster, Tinea versicolor, Bradycardia, Migraine, Nausea, Asthenia, Alopecia, Actinic keratosis, Blood triglycerides increased, Dyspnea, Vision blurred, Hypertension, Lymphopenia, Leukopenia, Skin papilloma, Basal cell carcinoma, dizziness, pneumonia, eczema, pruritus, Vascular Events, ischemic strokes, hemorrhagic strokes, peripheral arterial occlusive disease, Lymphomas, death"
72,HALAVEN,adverse reactions,"Neutropenia, anemia, asthenia/fatigue, alopecia, peripheral neuropathy, nausea, constipation, death, febrile neutropenia, headache, mucosal inflammation, pyrexia, diarrhea, vomiting, arthralgia/myalgia, back pain, bone pain, pain in extremity, weight decreased, anorexia, cough, dyspnea, urinary tract infection, alopecia, increased lacrimation, dyspepsia, abdominal pain, stomatitis, dry mouth, peripheral edema, upper respiratory tract infection, hypokalemia, muscle spasms, muscular weakness, dysgeusia, dizziness, insomnia, depression, rash, lymphopenia, pancreatitis, hepatotoxicity, drug hypersensitivity, pneumonia, sepsis/neutropenic sepsis, hypomagnesemia, dehydration, interstitial lung disease, pruritus."
73,INTELENCE,adverse reactions,"Severe skin reactions, hypersensitivity reactions, rash, peripheral neuropathy, diarrhea, Stevens-Johnson syndrome, drug hypersensitivity reaction, erythema multiforme, death (fatal cases of toxic epidermal necrolysis)"
74,AMYVID,adverse reactions,"Headache, Musculoskeletal pain, Blood pressure increased, Nausea, Fatigue, Injection site reaction, Anxiety, Back pain, Claustrophobia, Dizziness, Feeling cold, Insomnia, Neck pain, Infusion site rash, Dysgeusia, Pruritis, Urticaria, Flushing"
75,ULESFIA,adverse reactions,"Ocular irritation, Application site irritation, Application site anesthesia, Application site hypoesthesia, Pain, Pruritus, Erythema, Pyoderma, Dryness, Excoriation, Paraesthesia, Application site dermatitis, Thermal burn, Dandruff, Rash, Skin exfoliation"
76,OTEZLA,adverse reactions,"Diarrhea, nausea, headache, upper respiratory tract infection, tension headache, vomiting, nasopharyngitis, abdominal pain upper, weight decrease, frequent bowel movement, gastroesophageal reflux disease, dyspepsia, decreased appetite, migraine, cough, rash, fatigue, insomnia, back pain, depression, bronchitis, tooth abscess, folliculitis, sinus headache, death"
77,ILARIS,adverse reactions,"nasopharyngitis, diarrhea, influenza, headache, nausea, abdominal pain, injection site reactions, vertigo, infections, rhinitis, bronchitis, gastroenteritis, pharyngitis, weight increased, musculoskeletal pain, bronchitis, hypersensitivity, pneumonia, varicella, measles, sepsis, otitis media, sinusitis, adenovirus, lymph node abscess, anaphylactic reactions, elevated transaminases, elevated bilirubin, death"
78,NATAZIA,adverse reactions,"Serious cardiovascular events, stroke, vascular events, liver disease, irregular uterine bleeding, nausea, breast tenderness, headache, migraines, pain, menstrual disorders, vomiting, acne, mood changes, increased weight, myocardial infarction, ruptured ovarian cyst, deep vein thrombosis, focal nodular hyperplasia of the liver, uterine leiomyoma, acute cholecystitis, chronic acalculous cholecystitis, venous thromboembolic events, arterial thromboembolic events, pulmonary emboli, cerebral thrombosis, hypertension, gallbladder disease, hepatitis, hypersensitivity, fluid retention, hypertriglyceridemia, dizziness, chloasma, angioedema, erythema nodosum, erythema multiforme, abdominal pain, vulvovaginal candidiasis, death."
79,DIFICID,adverse reactions,"Nausea, Vomiting, Abdominal pain, Gastrointestinal hemorrhage, Anemia, Neutropenia, Death"
80,ONFI,adverse reactions,"Somnolence, Sedation, Potentiation of Sedation from Concomitant Use with Central Nervous System Depressants, Withdrawal Symptoms, Serious Dermatological Reactions, Physical and Psychological Dependence, Suicidal Behavior and Ideation, Constipation, Pyrexia, Lethargy, Drooling, Death"
81,TECFIDERA,adverse reactions,"Anaphylaxis, Angioedema, Progressive multifocal leukoencephalopathy, Lymphopenia, Flushing, Abdominal pain, Diarrhea, Nausea, Vomiting, Pruritus, Rash, Albumin urine present, Erythema, Dyspepsia, Aspartate aminotransferase increased, Gastrointestinal events, Hepatic Transaminases, Eosinophilia"
82,DYSPORT,adverse reactions,"Distant Spread of Toxin Effect, Lack of Interchangeability between Botulinum Toxin Products, Spread of Effects from Toxin, Dysphagia, Breathing Difficulties, Facial Anatomy in the Treatment of Glabellar Lines, Pre-existing Neuromuscular Disorders, Human Albumin, Intradermal Immune Reaction, muscular weakness, dry mouth, injection site discomfort, fatigue, headache, neck pain, musculoskeletal pain, dysphonia, injection site pain, eye disorders, nasopharyngitis, upper respiratory tract infection, eyelid edema, eyelid ptosis, sinusitis, nausea, urinary tract infection, dizziness, fall, depression, disturbance in attention, feeling abnormal, blood present in urine, bronchitis, influenza, pharyngolaryngeal pain, cough, contact dermatitis, injection site swelling, breathing difficulties, dyspnea, muscle atrophy, gait disturbance, hypertonia, sensation of heaviness, vertigo, photophobia, influenza-like illness, amyotrophy, burning sensation, hypoesthesia, erythema, excessive granulation tissue, death."
83,ZYTIGA,adverse reactions,"Hypertension, Hypokalemia, Fluid Retention, Adrenocortical Insufficiency, Hepatotoxicity, fatigue, joint swelling, discomfort, edema, hot flush, diarrhea, vomiting, cough, dyspnea, urinary tract infection, contusion, anemia, elevated alkaline phosphatase, hypertriglyceridemia, lymphopenia, hypercholesterolemia, hyperglycemia, elevated AST, hypophosphatemia, elevated ALT, muscle discomfort, dyspepsia, urinary frequency, nocturia, fractures, arrhythmia, chest pain, chest discomfort, cardiac failure, myopathy, rhabdomyolysis, non-infectious pneumonitis, death."
84,DUAVEE,adverse reactions,"Cardiovascular Disorders, Malignant Neoplasms, Gallbladder Disease, Hypertriglyceridemia, Muscle spasms, Nausea, Diarrhea, Dyspepsia, Abdominal pain upper, Oropharyngeal pain, Dizziness, Neck pain, Venous thromboembolism, Death"
85,SAPHRIS,adverse reactions,"Neuroleptic Malignant Syndrome, Tardive Dyskinesia, Metabolic Changes, Hypersensitivity Reactions, Application site reactions, oral ulcers, blisters, peeling/sloughing, inflammation, Orthostatic Hypotension, Syncope, Hemodynamic Effects, Leukopenia, Neutropenia, Agranulocytosis, QT Interval Prolongation, Hyperprolactinemia, Seizures, Cognitive Impairment, Motor Impairment, Body Temperature Regulation, Suicide, Dysphagia, Akathisia, Oral Hypoesthesia, Somnolence, Dizziness, Extrapyramidal Symptoms, Increased Weight, Dysgeusia, Oral Paresthesia, Nausea, Increased Appetite, Fatigue, Akathisia and Hyperkinesia, Dystonia, Oculogyration, Dyskinesia, Muscle Rigidity, Parkinsonism, Tremor, Extrapyramidal Disorder, Constipation, Dry Mouth, Salivary Hypersecretion, Stomach Discomfort, Vomiting, Fatigue, Irritability, Increased Weight, Increased Appetite, Insomnia, Hypertension, Anxiety, Depression, Arthralgia, Pain in Extremity, Headache, Gait Disturbance, Masked Facies, Tremor, Abdominal Pain, Glossodynia, Muscle Strain, Myalgia, Suicidal Ideation, Anger, Dysmenorrhea, Oropharyngeal Pain, Nasal Congestion, Dyspnea, Rash, Edema Peripheral, Dyspepsia, Increased Weight, Somnolence, Dizziness, Dysgeusia, Parkinsonism, Insomnia, Dyspepsia, Oral Hypoesthesia, Fatigue, Increased Weight, Dizziness, Other Extrapyramidal Symptoms, Somnolence, Insomnia, Hypertension, Dystonia, Oral Hypoesthesia, Fatigue, Increased Weight, Dizziness, Other Extrapyramidal Symptoms, Somnolence, Insomnia, Temporary Bundle Branch Block, Accommodation Disorder, Swollen Tongue, Idiosyncratic Drug Reaction, Hyponatremia, Dysarthria, Diplopia, Blurred Vision, Gastroesophageal Reflux Disease, Fall, Photosensitivity Reaction, Enuresis, Application site reactions, oral ulcers, blisters, peeling/sloughing, inflammation, Choking"
86,DUREZOL,adverse reactions,"elevated intraocular pressure, optic nerve damage, visual acuity defects, field defects, posterior subcapsular cataract formation, secondary ocular infection, herpes simplex infection, perforation of the globe, corneal edema, ciliary hyperemia, conjunctival hyperemia, eye pain, photophobia, posterior capsule opacification, anterior chamber cells, anterior chamber flare, conjunctival edema, blepharitis, reduced visual acuity, punctate keratitis, eye inflammation, iritis, application site discomfort, application site irritation, corneal pigmentation, corneal striae, episcleritis, eye pruritis, eyelid irritation, eyelid crusting, foreign body sensation, increased lacrimation, macular edema, sclera hyperemia, uveitis, blurred vision, headache, increased IOP, limbal hyperemia, conjunctival hyperemia, dry eye, iridocyclitis, death."
87,ZYDELIG,adverse reactions,"Hepatotoxicity, liver damage, Severe Diarrhea, severe colitis, Pneumonitis, lung inflammation, Intestinal Perforation, bowel perforation, Severe Cutaneous Reactions, severe skin reactions, Anaphylaxis, severe allergic reaction, Neutropenia, low white blood cell count, Diarrhea, colitis, Pyrexia, fever, Fatigue, Nausea, Cough, Pneumonia, Abdominal pain, Chills, Rash, Death (if fatal event is listed)"
88,KALBITOR,adverse reactions,"Hypersensitivity reactions, anaphylaxis, headache, nausea, diarrhea, pyrexia, injection site reactions, nasopharyngitis, fatigue, upper respiratory tract infection, vomiting, pruritus, upper abdominal pain, death"
89,ADCETRIS,adverse reactions,"Peripheral Neuropathy, Anaphylaxis, Infusion Reactions, Hematologic Toxicities, Serious Infections, Opportunistic Infections, Tumor Lysis Syndrome, Increased Toxicity in the Presence of Severe Renal Impairment, Increased Toxicity in the Presence of Moderate or Severe Hepatic Impairment, Hepatotoxicity, Progressive Multifocal Leukoencephalopathy, Pulmonary Toxicity, Serious Dermatologic Reactions, Death"
90,BESIVANCE,adverse reactions,"Conjunctival redness, eye redness, Blurred vision, Eye pain, Eye irritation, Eye pruritus, itchy eyes, Headache"
91,CLEVIPREX,adverse reactions,"hypotension, reflex tachycardia, headache, nausea, vomiting, death, acute renal failure, atrial fibrillation, myocardial infarction, cardiac arrest, syncope, dyspnea, increased blood triglycerides, ileus, hypersensitivity, decreased oxygen saturation"
92,XTANDI,adverse reactions,"Seizure, asthenia/fatigue, back pain, decreased appetite, constipation, arthralgia, diarrhea, hot flush, upper respiratory tract infection, peripheral edema, dyspnea, musculoskeletal pain, weight decreased, headache, hypertension, dizziness/vertigo, spinal cord compression, cauda equina syndrome, paresthesia, mental impairment disorders, hypoesthesia, insomnia, anxiety, hematuria, pollakiuria, fall, non-pathologic fractures, pruritus, dry skin, epistaxis, nasopharyngitis, sinusitis, rhinitis, pharyngitis, laryngitis, pneumonia, bronchitis, lung infection, dysgeusia, restless legs syndrome, gynecomastia, neutropenia, thrombocytopenia, ALT elevations, bilirubin elevations, infections, falls, fall-related injuries, joint injuries, hematomas, hypertensive crisis, hypertensive crisis, hypertensive crisis, hypertensive crisis, hypertensive crisis, hypertensive crisis, hypertensive crisis, hypertensive crisis, hypertensive crisis, hypertensive crisis, hypertensive crisis, hypertensive crisis, hypertensive crisis, hypertensive crisis, hypertensive crisis, hypertensive crisis, hypertensive crisis, hypertensive crisis, hypertensive crisis, hypertensive crisis, hypertensive crisis, hypertensive crisis, hypertensive crisis, hypertensive crisis, hypertensive crisis, hypertensive crisis, hypertensive crisis, hypertensive crisis, hypertensive crisis, hypertensive crisis, hypertensive crisis, hypertensive crisis, hypertensive crisis, hypertensive crisis, hypertensive crisis, hypertensive crisis, hypertensive crisis, hypertensive crisis, hypertensive crisis, hypertensive crisis, hypertensive crisis, hypertensive crisis, hypertensive crisis, hypertensive crisis, hypertensive crisis, hypertensive crisis, hypertensive crisis, hypertensive crisis, hypertensive crisis, hypertensive crisis, hypertensive crisis, hypertensive crisis, hypertensive crisis, hypertensive crisis, hypertensive crisis, hypertensive crisis, hypertensive crisis, hypertensive crisis, hypertensive crisis, hypertensive crisis, hypertensive crisis, hypertensive crisis, hypertensive crisis, hypertensive crisis, hypertensive crisis, hypertensive crisis, hypertensive crisis, hypertensive crisis, hypertensive crisis, hypertensive crisis, hypertensive crisis, hypertensive crisis, hypertensive crisis, hypertensive crisis, hypertensive crisis, hypertensive crisis, hypertensive crisis, hypertensive crisis, hypertensive crisis, hypertensive crisis, hypertensive crisis, hypertensive crisis, hypertensive crisis, hypertensive crisis, hypertensive crisis, hypertensive crisis, hypertensive crisis, hypertensive crisis, hypertensive crisis, hypertensive crisis, hypertensive crisis, hypertensive crisis, hypertensive crisis, hypertensive crisis, hypertensive crisis, hypertensive crisis, hypertensive crisis, hypertensive crisis, hypertensive crisis, hypertensive crisis"
93,BOSULIF,adverse reactions,"Gastrointestinal toxicity, Myelosuppression, Hepatic toxicity, Fluid retention, Renal toxicity, Diarrhea, Nausea, Thrombocytopenia, Vomiting, Abdominal pain, Rash, Anemia, Pyrexia, Fatigue, Anaphylactic shock, Increased alanine aminotransferase, Headache, Cough, Increased aspartate aminotransferase, Neutropenia, Edema, Arthralgia, Decreased appetite, Respiratory tract infection, Nasopharyngitis, Back pain, Asthenia, Pruritus, Dizziness, Dyspnea, QTcF interval prolongation, Febrile neutropenia, Pericardial effusion, Pericarditis, Tinnitus, Gastritis, Acute pancreatitis, Gastrointestinal hemorrhage, Chest pain, Pain, Hepatotoxicity, Toxic hepatitis, Cytolytic hepatitis, Abnormal hepatic function, Liver disorder, Liver injury, Drug hypersensitivity, Pneumonia, Influenza, Bronchitis, Electrocardiogram QT prolonged, Increased blood creatine phosphokinase, Increased blood creatinine, Hyperkalemia, Dehydration, Myalgia, Dysgeusia, Acute renal failure, Renal failure, Pleural effusion, Acute pulmonary edema, Respiratory failure, Pulmonary hypertension, Urticaria, Acne, Erythema multiforme, Exfoliative rash, Drug eruption, Death"
94,CARBAGLU,adverse reactions,"Infections, vomiting, abdominal pain, pyrexia, tonsillitis, anemia, ear infection, diarrhea, nasopharyngitis, headache, dysgeusia, asthenia, hyperhidrosis, influenza, pneumonia, hemoglobin decreased, weight decreased, anorexia, somnolence, rash."
95,SIMPONI,adverse reactions,"Serious Infections, Malignancies, death, Upper respiratory tract infection, Viral infection, Bronchitis, Hypertension, Rash, Infections, Sepsis, Pneumonia, Cellulitis, Abscess, Opportunistic infections, Tuberculosis, Invasive fungal infections, Malignancies, Liver Enzyme Elevations, Autoimmune Disorders, Autoantibodies, Administration Reactions, Immunogenicity, Infusion reaction, Antibodies, Neoplasm Benign and Malignant, Immune System Disorders, Respiratory disorders, Skin disorders, Superficial fungal infection, Sinusitis, Lower respiratory tract infection, Pyelonephritis, Alanine aminotransferase increased, Aspartate aminotransferase increased, Neutrophil count decreased, Dizziness, Paresthesia, Constipation, Melanoma, Serious systemic hypersensitivity reactions, Sarcoidosis, Interstitial lung disease, Skin exfoliation, Bullous skin reactions"
96,BENLYSTA,adverse reactions,"Mortality, death, serious infections, malignancy, hypersensitivity reactions, anaphylaxis, infusion reactions, depression, nausea, diarrhea, pyrexia, nasopharyngitis, bronchitis, insomnia, pain in extremity, migraine, pharyngitis, cystitis, leukopenia, gastroenteritis viral, fatal anaphylaxis"
97,TOVIAZ,adverse reactions,"dry mouth, constipation, angina, chest pain, gastroenteritis, QT prolongation on ECG, dyspepsia, nausea, abdominal pain upper, urinary tract infection, upper respiratory tract infection, dry eyes, dysuria, urinary retention, cough, dry throat, edema peripheral, back pain, insomnia, ALT increased, GGT increased, rash, urinary retention, diverticulitis, irritable bowel syndrome, electrocardiogram QT corrected interval prolongation, blurred vision, palpitations, hypersensitivity reactions, angioedema with airway obstruction, face edema, dizziness, headache, somnolence, urticaria, pruritus, death"
98,ENTEREG,adverse reactions,dyspepsia
99,VIZAMYL,adverse reactions,"flushing, headache, increased blood pressure, nausea, dizziness, hypersensitivity reaction, dyspnea, chest pressure, death"
100,AMPYRA,adverse reactions,"Seizures, Anaphylaxis, Urinary Tract Infections, Urinary tract infection, Insomnia, Dizziness, Headache, Nausea, Asthenia, Back pain, Balance disorder, Multiple sclerosis relapse, Paresthesia, Nasopharyngitis, Constipation, Dyspepsia, Pharyngolaryngeal pain, Death"
